{
"lengthUnit": "mil",
"remark": [],
"components": {
	"fields": ["COMPONENT_NO", "COMPONENT_NAME", "LAYER", "X_COORDINATE", "Y_COORDINATE", "ANGLE"],
	"rows": [
		[1, "C1", "T", -180.0667, 210.1738, 270],
		[2, "C2", "T", -130.0667, 210.1738, 270],
		[3, "C3", "T", -270.0667, 105.1738, 180],
		[4, "C4", "T", -350.0667, 210.1738, 90],
		[5, "C5", "T", 340, -480, 90],
		[6, "C6", "T", 410, -525, 135],
		[7, "C7", "T", -340, -400, 90],
		[8, "C8", "T", 145, 280, 270],
		[9, "C9", "T", -475, -215, 270],
		[10, "C10", "T", -440, 625, 0],
		[11, "C12", "T", 615, 235, 0],
		[12, "C13", "T", 505, 235, 180],
		[13, "C14", "T", 180, 160, 90],
		[14, "D1", "T", -310, 600, 90],
		[15, "D2", "T", -225, 675, 270],
		[16, "D3", "T", 35, 475, 90],
		[17, "D4", "T", -10, 475, 90],
		[18, "D5", "T", -485, 525, 180],
		[19, "L1", "T", -265, 360, 180],
		[20, "Q1", "T", -415, -495, 130],
		[21, "R1", "T", 218.4922, 662.6619, 90],
		[22, "R2", "T", -225, 585, 90],
		[23, "R3", "T", 40, 95, 270],
		[24, "R4", "T", -385, -325, 0],
		[25, "R5", "T", 735, 270, 180],
		[26, "R6", "T", 745, 215, 0],
		[27, "R9", "T", -95, 425, 0],
		[28, "R16", "T", -520, -540, 180],
		[29, "R17", "T", 105, 115, 0],
		[30, "SW1", "T", -385, -180, 90],
		[31, "SW2", "T", 50, 255, 90],
		[32, "U1", "T", -266.8187, 206.1268, 270],
		[33, "U2", "T", 5, -255, 180],
		[34, "U3", "T", 560, -5, 270],
		[35, "U4", "T", 160, 410, 0],
		[36, "USB1", "T", 3.4922, 647.6619, 180],
		[37, "PAD1", "T", 305, 700, 0],
		[38, "PAD1", "B", 305, 700, 0],
		[39, "PAD2", "T", 305, 600, 0],
		[40, "PAD2", "B", 305, 600, 0],
		[41, "PAD3", "T", 305, 500, 0],
		[42, "PAD3", "B", 305, 500, 0],
		[43, "PAD4", "T", 305, 400, 0],
		[44, "PAD4", "B", 305, 400, 0],
		[45, "PAD5", "T", 305, 300, 0],
		[46, "PAD5", "B", 305, 300, 0],
		[47, "PAD6", "T", 405, 600, 0],
		[48, "PAD6", "B", 405, 600, 0],
		[49, "PAD7", "T", 405, 500, 0],
		[50, "PAD7", "B", 405, 500, 0],
		[51, "PAD8", "T", -730, 230, 0],
		[52, "PAD8", "B", -730, 230, 0],
		[53, "PAD9", "T", -730, 130, 0],
		[54, "PAD9", "B", -730, 130, 0],
		[55, "PAD10", "T", -730, 30, 0],
		[56, "PAD10", "B", -730, 30, 0],
		[57, "PAD11", "T", -730, -70, 0],
		[58, "PAD11", "B", -730, -70, 0],
		[59, "PAD12", "T", -730, -170, 0],
		[60, "PAD12", "B", -730, -170, 0],
		[61, "PAD13", "T", -730, -270, 0],
		[62, "PAD13", "B", -730, -270, 0],
		[63, "PAD14", "T", -630, 130, 0],
		[64, "PAD14", "B", -630, 130, 0],
		[65, "PAD15", "T", -630, 30, 0],
		[66, "PAD15", "B", -630, 30, 0],
		[67, "PAD16", "T", -630, -70, 0],
		[68, "PAD16", "B", -630, -70, 0],
		[69, "PAD17", "T", -630, -170, 0],
		[70, "PAD17", "B", -630, -170, 0],
		[71, "PAD18", "T", -530, -70, 0],
		[72, "PAD18", "B", -530, -70, 0],
		[73, "PAD19", "T", -634.1813, -269.9125, 0],
		[74, "PAD19", "B", -634.1813, -269.9125, 0],
		[75, "PAD20", "T", 505, 500, 0],
		[76, "PAD20", "B", 505, 500, 0],
		[77, "PAD21", "T", -530, -170, 0],
		[78, "PAD21", "B", -530, -170, 0],
		[79, "PAD22", "T", 405, 300, 0],
		[80, "PAD22", "B", 405, 300, 0],
		[81, "PAD23", "T", -630, 230, 0],
		[82, "PAD23", "B", -630, 230, 0],
		[83, "PAD24", "T", 645, -255, 0],
		[84, "PAD24", "B", 645, -255, 0],
		[85, "PAD25", "T", 665, -360, 0],
		[86, "PAD25", "B", 665, -360, 0],
		[87, "PAD26", "T", 625, -465, 0],
		[88, "PAD26", "B", 625, -465, 0],
		[89, "PAD27", "T", 540, -520, 0],
		[90, "PAD27", "B", 540, -520, 0],
		[91, "PAD28", "T", 730, -280, 0],
		[92, "PAD28", "B", 730, -280, 0],
		[93, "PAD29", "T", -675, -360, 0],
		[94, "PAD29", "B", -675, -360, 0],
		[95, "PAD30", "T", -180.0667, 188.7138, 0],
		[96, "PAD31", "T", -180.0667, 231.6338, 0],
		[97, "PAD32", "T", -130.0667, 188.7138, 0],
		[98, "PAD33", "T", -130.0667, 231.6338, 0],
		[99, "PAD34", "T", -291.5267, 105.1738, 0],
		[100, "PAD35", "T", -248.6067, 105.1738, 0],
		[101, "PAD36", "T", -350.0667, 231.6338, 0],
		[102, "PAD37", "T", -350.0667, 188.7138, 0],
		[103, "PAD38", "T", -344.84, 360, 0],
		[104, "PAD39", "T", -185.16, 360, 0],
		[105, "PAD40", "T", -227.4487, 251.6968, 0],
		[106, "PAD41", "T", -247.1387, 251.6968, 0],
		[107, "PAD42", "T", -266.8187, 251.6968, 0],
		[108, "PAD43", "T", -286.5087, 251.6968, 0],
		[109, "PAD44", "T", -306.1887, 251.6968, 0],
		[110, "PAD45", "T", -227.4487, 160.5568, 0],
		[111, "PAD46", "T", -247.1387, 160.5568, 0],
		[112, "PAD47", "T", -266.8187, 160.5568, 0],
		[113, "PAD48", "T", -286.5087, 160.5568, 0],
		[114, "PAD49", "T", -306.1887, 160.5568, 0],
		[115, "PAD50", "T", -266.8187, 206.1268, 0],
		[116, "PAD51", "T", 218.4922, 679.7019, 0],
		[117, "PAD52", "T", 218.4922, 645.6219, 0],
		[118, "PAD53", "T", -225, 602.04, 0],
		[119, "PAD54", "T", -225, 567.96, 0],
		[120, "PAD55", "T", 129.4772, 554.1569, 0],
		[121, "PAD56", "T", 97.9772, 554.1569, 0],
		[122, "PAD57", "T", 52.6972, 554.1569, 0],
		[123, "PAD58", "T", 33.0172, 554.1569, 0],
		[124, "PAD59", "T", 13.3372, 554.1569, 0],
		[125, "PAD60", "T", -6.3528, 554.1569, 0],
		[126, "PAD61", "T", -26.0328, 554.1569, 0],
		[127, "PAD62", "T", -65.4128, 554.1569, 0],
		[128, "PAD63", "T", -91.0028, 554.1569, 0],
		[129, "PAD64", "T", -122.4928, 554.1569, 0],
		[130, "PAD65", "T", 173.7672, 575.8069, 0],
		[131, "PAD65", "B", 173.7672, 575.8069, 0],
		[132, "PAD66", "T", -166.7828, 575.8069, 0],
		[133, "PAD66", "B", -166.7828, 575.8069, 0],
		[134, "PAD67", "T", 173.7672, 741.1669, 0],
		[135, "PAD67", "B", 173.7672, 741.1669, 0],
		[136, "PAD68", "T", -166.7828, 741.1669, 0],
		[137, "PAD68", "B", -166.7828, 741.1669, 0],
		[138, "PAD69", "T", 279.61, -489.255, 0],
		[139, "PAD70", "T", 279.61, -455.795, 0],
		[140, "PAD71", "T", 279.61, -422.325, 0],
		[141, "PAD72", "T", 279.61, -388.865, 0],
		[142, "PAD73", "T", 279.61, -355.395, 0],
		[143, "PAD74", "T", 279.61, -321.935, 0],
		[144, "PAD75", "T", 279.61, -288.465, 0],
		[145, "PAD76", "T", 279.61, -255.005, 0],
		[146, "PAD77", "T", 279.61, -221.545, 0],
		[147, "PAD78", "T", 279.61, -188.075, 0],
		[148, "PAD79", "T", 279.61, -154.615, 0],
		[149, "PAD80", "T", 279.61, -121.145, 0],
		[150, "PAD81", "T", 279.61, -87.685, 0],
		[151, "PAD82", "T", 279.61, -54.215, 0],
		[152, "PAD83", "T", 279.61, -20.755, 0],
		[153, "PAD84", "T", 239.25, 21.575, 0],
		[154, "PAD85", "T", 205.79, 21.575, 0],
		[155, "PAD86", "T", 172.32, 21.575, 0],
		[156, "PAD87", "T", 138.86, 21.575, 0],
		[157, "PAD88", "T", 105.39, 21.575, 0],
		[158, "PAD89", "T", 71.93, 21.575, 0],
		[159, "PAD90", "T", 38.46, 21.575, 0],
		[160, "PAD91", "T", 5, 21.575, 0],
		[161, "PAD92", "T", -28.46, 21.575, 0],
		[162, "PAD93", "T", -61.93, 21.575, 0],
		[163, "PAD94", "T", -128.86, 21.575, 0],
		[164, "PAD95", "T", -162.32, 21.575, 0],
		[165, "PAD96", "T", -195.79, 21.575, 0],
		[166, "PAD97", "T", -229.25, 21.575, 0],
		[167, "PAD98", "T", -269.61, -20.755, 0],
		[168, "PAD99", "T", -269.61, -54.215, 0],
		[169, "PAD100", "T", -269.61, -87.685, 0],
		[170, "PAD101", "T", -269.61, -121.145, 0],
		[171, "PAD102", "T", -269.61, -154.615, 0],
		[172, "PAD103", "T", -269.61, -188.075, 0],
		[173, "PAD104", "T", -269.61, -221.545, 0],
		[174, "PAD105", "T", -269.61, -255.005, 0],
		[175, "PAD106", "T", -269.61, -388.865, 0],
		[176, "PAD107", "T", -269.61, -422.325, 0],
		[177, "PAD108", "T", -269.61, -489.255, 0],
		[178, "PAD109", "T", -229.25, -531.575, 0],
		[179, "PAD110", "T", -195.79, -531.575, 0],
		[180, "PAD111", "T", -162.32, -531.575, 0],
		[181, "PAD112", "T", -128.86, -531.575, 0],
		[182, "PAD113", "T", -95.39, -531.575, 0],
		[183, "PAD114", "T", -61.93, -531.575, 0],
		[184, "PAD115", "T", -28.46, -531.575, 0],
		[185, "PAD116", "T", 5, -531.575, 0],
		[186, "PAD117", "T", 38.46, -531.575, 0],
		[187, "PAD118", "T", 71.93, -531.575, 0],
		[188, "PAD119", "T", 105.39, -531.575, 0],
		[189, "PAD120", "T", 138.86, -531.575, 0],
		[190, "PAD121", "T", 172.32, -531.575, 0],
		[191, "PAD122", "T", 205.79, -531.575, 0],
		[192, "PAD123", "T", 239.25, -531.575, 0],
		[193, "PAD124", "T", 280.59, -530.595, 0],
		[194, "PAD125", "T", -270.59, -530.595, 0],
		[195, "PAD126", "T", 280.59, 20.585, 0],
		[196, "PAD127", "T", -270.59, 20.585, 0],
		[197, "PAD128", "T", 69.96, -319.965, 0],
		[198, "PAD129", "T", 5, -319.965, 0],
		[199, "PAD130", "T", -59.96, -319.965, 0],
		[200, "PAD131", "T", 69.96, -255.005, 0],
		[201, "PAD132", "T", 5, -255.005, 0],
		[202, "PAD133", "T", -59.96, -255.005, 0],
		[203, "PAD134", "T", 69.96, -190.045, 0],
		[204, "PAD135", "T", 5, -190.045, 0],
		[205, "PAD136", "T", -59.96, -190.045, 0],
		[206, "PAD137", "T", 340, -458.54, 0],
		[207, "PAD138", "T", 340, -501.46, 0],
		[208, "PAD139", "T", 394.8255, -509.8255, 0],
		[209, "PAD140", "T", 425.1745, -540.1745, 0],
		[210, "PAD141", "T", -340, -378.54, 0],
		[211, "PAD142", "T", -340, -421.46, 0],
		[212, "PAD143", "T", -310, 686.61, 0],
		[213, "PAD144", "T", -310, 513.39, 0],
		[214, "PAD145", "T", -225, 645.475, 0],
		[215, "PAD146", "T", -225, 704.525, 0],
		[216, "PAD147", "T", 35, 504.525, 0],
		[217, "PAD148", "T", 35, 445.475, 0],
		[218, "PAD149", "T", -10, 504.525, 0],
		[219, "PAD150", "T", -10, 445.475, 0],
		[220, "PAD151", "T", 40, 77.96, 0],
		[221, "PAD152", "T", 40, 112.04, 0],
		[222, "PAD153", "T", -367.96, -325, 0],
		[223, "PAD154", "T", -402.04, -325, 0],
		[224, "PAD155", "T", 145, 258.54, 0],
		[225, "PAD156", "T", 145, 301.46, 0],
		[226, "PAD157", "T", -475, -236.46, 0],
		[227, "PAD158", "T", -475, -193.54, 0],
		[228, "PAD159", "T", -385, -266.02, 0],
		[229, "PAD160", "T", -385, -93.98, 0],
		[230, "PAD161", "T", 50, 168.98, 0],
		[231, "PAD162", "T", 50, 341.02, 0],
		[232, "PAD163", "T", 717.96, 270, 0],
		[233, "PAD164", "T", 752.04, 270, 0],
		[234, "PAD165", "T", 762.04, 215, 0],
		[235, "PAD166", "T", 727.96, 215, 0],
		[236, "PAD167", "T", 372.98, 170, 0],
		[237, "PAD168", "T", 372.98, 120, 0],
		[238, "PAD169", "T", 372.98, 70, 0],
		[239, "PAD170", "T", 372.98, 20, 0],
		[240, "PAD171", "T", 372.98, -30, 0],
		[241, "PAD172", "T", 372.98, -80, 0],
		[242, "PAD173", "T", 372.98, -130, 0],
		[243, "PAD174", "T", 372.98, -180, 0],
		[244, "PAD175", "T", 747.02, 170, 0],
		[245, "PAD176", "T", 747.02, 120, 0],
		[246, "PAD177", "T", 747.02, 70, 0],
		[247, "PAD178", "T", 747.02, 20, 0],
		[248, "PAD179", "T", 747.02, -30, 0],
		[249, "PAD180", "T", 747.02, -80, 0],
		[250, "PAD181", "T", 747.02, -130, 0],
		[251, "PAD182", "T", 747.02, -180, 0],
		[252, "PAD183", "T", -562.36, 525, 0],
		[253, "PAD184", "T", -407.64, 525, 0],
		[254, "PAD185", "T", -412.44, 625, 0],
		[255, "PAD186", "T", -467.56, 625, 0],
		[256, "PAD187", "T", -65.34, 425, 0],
		[257, "PAD188", "T", -124.66, 425, 0],
		[258, "PAD189", "T", 122.6, 364.58, 0],
		[259, "PAD190", "T", 160, 364.58, 0],
		[260, "PAD191", "T", 197.4, 364.58, 0],
		[261, "PAD192", "T", 197.4, 455.42, 0],
		[262, "PAD193", "T", 122.6, 455.42, 0],
		[263, "PAD194", "T", 636.46, 235, 0],
		[264, "PAD195", "T", 593.54, 235, 0],
		[265, "PAD196", "T", 483.54, 235, 0],
		[266, "PAD197", "T", 526.46, 235, 0],
		[267, "PAD198", "T", -411.6565, -440.8006, 0],
		[268, "PAD199", "T", -468.9566, -488.8811, 0],
		[269, "PAD200", "T", -389.6935, -525.1592, 0],
		[270, "PAD201", "T", -537.04, -540, 0],
		[271, "PAD202", "T", -502.96, -540, 0],
		[272, "PAD203", "T", 180, 187.56, 0],
		[273, "PAD204", "T", 180, 132.44, 0],
		[274, "PAD205", "T", 122.04, 115, 0],
		[275, "PAD206", "T", 87.96, 115, 0]
	]
},
"pins": {
	"fields": ["PIN_NO", "PIN_NAME", "PIN_X", "PIN_Y", "LAYER", "PIN_TYPE", "NET_NAME", "NET_TYPE", "PAD_SHAPE", "PAD_SIZEX", "PAD_SIZEY", "HOLE_SIZE", "HOLE_LEN", "PAD_ANGLE"],
	"rows": [
		[1, "C1_1", -180.0667, 231.6338, "T", "SMD", "M_3.3V", "", "R", 31.106, 21.26, 0, 0, 270],
		[2, "C1_2", -180.0667, 188.7138, "T", "SMD", "GND", "GND", "R", 31.106, 21.26, 0, 0, 270],
		[3, "C2_1", -130.0667, 231.6338, "T", "SMD", "M_3.3V", "", "R", 31.106, 21.26, 0, 0, 270],
		[4, "C2_2", -130.0667, 188.7138, "T", "SMD", "GND", "GND", "R", 31.106, 21.26, 0, 0, 270],
		[5, "C3_1", -248.6067, 105.1738, "T", "SMD", "GND", "GND", "R", 31.106, 21.26, 0, 0, 180],
		[6, "C3_2", -291.5267, 105.1738, "T", "SMD", "$1N457", "", "R", 31.106, 21.26, 0, 0, 180],
		[7, "C4_1", -350.0667, 188.7138, "T", "SMD", "GND", "GND", "R", 31.106, 21.26, 0, 0, 90],
		[8, "C4_2", -350.0667, 231.6338, "T", "SMD", "VIN", "", "R", 31.106, 21.26, 0, 0, 90],
		[9, "C5_1", 340, -501.46, "T", "SMD", "GND", "GND", "R", 31.106, 21.26, 0, 0, 90],
		[10, "C5_2", 340, -458.54, "T", "SMD", "M_3.3V", "", "R", 31.106, 21.26, 0, 0, 90],
		[11, "C6_1", 425.1745, -540.1745, "T", "SMD", "GND", "GND", "R", 31.106, 21.26, 0, 0, 135],
		[12, "C6_2", 394.8255, -509.8255, "T", "SMD", "M_3.3V", "", "R", 31.106, 21.26, 0, 0, 135],
		[13, "C7_1", -340, -421.46, "T", "SMD", "GND", "GND", "R", 31.106, 21.26, 0, 0, 90],
		[14, "C7_2", -340, -378.54, "T", "SMD", "CHIP-PU", "", "R", 31.106, 21.26, 0, 0, 90],
		[15, "C8_1", 145, 301.46, "T", "SMD", "GND", "GND", "R", 31.106, 21.26, 0, 0, 270],
		[16, "C8_2", 145, 258.54, "T", "SMD", "IO0", "", "R", 31.106, 21.26, 0, 0, 270],
		[17, "C9_1", -475, -193.54, "T", "SMD", "GND", "GND", "R", 31.106, 21.26, 0, 0, 270],
		[18, "C9_2", -475, -236.46, "T", "SMD", "CHIP-PU", "", "R", 31.106, 21.26, 0, 0, 270],
		[19, "C10_1", -467.56, 625, "T", "SMD", "GND", "GND", "R", 31.496, 35.433, 0, 0, 0],
		[20, "C10_2", -412.44, 625, "T", "SMD", "VBUS", "", "R", 31.496, 35.433, 0, 0, 0],
		[21, "C12_1", 593.54, 235, "T", "SMD", "GND", "GND", "R", 31.106, 21.26, 0, 0, 0],
		[22, "C12_2", 636.46, 235, "T", "SMD", "3.3V", "", "R", 31.106, 21.26, 0, 0, 0],
		[23, "C13_1", 526.46, 235, "T", "SMD", "GND", "GND", "R", 31.106, 21.26, 0, 0, 180],
		[24, "C13_2", 483.54, 235, "T", "SMD", "3.3V", "", "R", 31.106, 21.26, 0, 0, 180],
		[25, "C14_1", 180, 132.44, "T", "SMD", "GND", "GND", "R", 31.496, 35.433, 0, 0, 90],
		[26, "C14_2", 180, 187.56, "T", "SMD", "BAT", "", "R", 31.496, 35.433, 0, 0, 90],
		[27, "D1_1", -310, 513.39, "T", "SMD", "VIN", "", "R", 78.74, 78.74, 0, 0, 270],
		[28, "D1_2", -310, 686.61, "T", "SMD", "VBUS", "", "R", 78.74, 78.74, 0, 0, 270],
		[29, "D2_1", -225, 704.525, "T", "SMD", "GND", "GND", "R", 23.622, 15.748, 0, 0, 270],
		[30, "D2_2", -225, 645.475, "T", "SMD", "VBUS", "", "R", 23.622, 15.748, 0, 0, 90],
		[31, "D3_1", 35, 445.475, "T", "SMD", "GND", "GND", "R", 23.622, 15.748, 0, 0, 90],
		[32, "D3_2", 35, 504.525, "T", "SMD", "D-", "", "R", 23.622, 15.748, 0, 0, 270],
		[33, "D4_1", -10, 445.475, "T", "SMD", "GND", "GND", "R", 23.622, 15.748, 0, 0, 90],
		[34, "D4_2", -10, 504.525, "T", "SMD", "D+", "", "R", 23.622, 15.748, 0, 0, 270],
		[35, "D5_1", -407.64, 525, "T", "SMD", "VIN", "", "R", 59.842, 66.142, 0, 0, 180],
		[36, "D5_2", -562.36, 525, "T", "SMD", "BAT", "", "R", 59.842, 66.142, 0, 0, 180],
		[37, "L1_1", -344.84, 360, "T", "SMD", "$1N269", "", "R", 55.118, 83.465, 0, 0, 180],
		[38, "L1_2", -185.16, 360, "T", "SMD", "$1N274", "", "R", 55.118, 83.465, 0, 0, 180],
		[39, "Q1_1", -411.6565, -440.8006, "T", "SMD", "$1N12715", "", "R", 49.213, 27.559, 0, 0, 130],
		[40, "Q1_2", -468.9566, -488.8811, "T", "SMD", "PGND", "", "R", 49.213, 27.559, 0, 0, 130],
		[41, "Q1_3", -389.6935, -525.1592, "T", "SMD", "GND", "GND", "R", 49.213, 27.559, 0, 0, 130],
		[42, "R1_1", 218.4922, 645.6219, "T", "SMD", "$1N1955", "", "R", 22.27, 21.26, 0, 0, 90],
		[43, "R1_2", 218.4922, 679.7019, "T", "SMD", "GND", "GND", "R", 22.27, 21.26, 0, 0, 90],
		[44, "R2_1", -225, 567.96, "T", "SMD", "$1N1950", "", "R", 22.27, 21.26, 0, 0, 90],
		[45, "R2_2", -225, 602.04, "T", "SMD", "GND", "GND", "R", 22.27, 21.26, 0, 0, 90],
		[46, "R3_1", 40, 112.04, "T", "SMD", "3.3V", "", "R", 22.27, 21.26, 0, 0, 270],
		[47, "R3_2", 40, 77.96, "T", "SMD", "IO18", "", "R", 22.27, 21.26, 0, 0, 270],
		[48, "R4_1", -402.04, -325, "T", "SMD", "3.3V", "", "R", 22.27, 21.26, 0, 0, 0],
		[49, "R4_2", -367.96, -325, "T", "SMD", "CHIP-PU", "", "R", 22.27, 21.26, 0, 0, 0],
		[50, "R5_1", 752.04, 270, "T", "SMD", "3.3V", "", "R", 22.27, 21.26, 0, 0, 180],
		[51, "R5_2", 717.96, 270, "T", "SMD", "$1N5966", "", "R", 22.27, 21.26, 0, 0, 180],
		[52, "R6_1", 727.96, 215, "T", "SMD", "3.3V", "", "R", 22.27, 21.26, 0, 0, 0],
		[53, "R6_2", 762.04, 215, "T", "SMD", "$1N5970", "", "R", 22.27, 21.26, 0, 0, 0],
		[54, "R9_1", -124.66, 425, "T", "SMD", "GND", "GND", "R", 31.751, 34.016, 0, 0, 0],
		[55, "R9_2", -65.34, 425, "T", "SMD", "PROG", "", "R", 31.751, 34.016, 0, 0, 0],
		[56, "R16_1", -502.96, -540, "T", "SMD", "IO6", "", "R", 22.27, 21.26, 0, 0, 180],
		[57, "R16_2", -537.04, -540, "T", "SMD", "$1N12715", "", "R", 22.27, 21.26, 0, 0, 180],
		[58, "R17_1", 87.96, 115, "T", "SMD", "3.3V", "", "R", 22.27, 21.26, 0, 0, 0],
		[59, "R17_2", 122.04, 115, "T", "SMD", "IO21", "", "R", 22.27, 21.26, 0, 0, 0],
		[60, "SW1_1", -385, -266.02, "T", "SMD", "CHIP-PU", "", "R", 48.425, 53.543, 0, 0, 90],
		[61, "SW1_2", -385, -93.98, "T", "SMD", "GND", "GND", "R", 48.425, 53.543, 0, 0, 90],
		[62, "SW2_1", 50, 168.98, "T", "SMD", "IO0", "", "R", 48.425, 53.543, 0, 0, 90],
		[63, "SW2_2", 50, 341.02, "T", "SMD", "GND", "GND", "R", 48.425, 53.543, 0, 0, 90],
		[64, "U1_1", -227.4487, 251.6968, "T", "SMD", "M_3.3V", "", "R", 26.181, 11.024, 0, 0, 270],
		[65, "U1_2", -247.1387, 251.6968, "T", "SMD", "$1N274", "", "R", 26.181, 11.024, 0, 0, 270],
		[66, "U1_3", -266.8187, 251.6968, "T", "SMD", "GND", "GND", "R", 26.181, 11.024, 0, 0, 270],
		[67, "U1_4", -286.5087, 251.6968, "T", "SMD", "$1N269", "", "R", 26.181, 11.024, 0, 0, 270],
		[68, "U1_5", -306.1887, 251.6968, "T", "SMD", "VIN", "", "R", 26.181, 11.024, 0, 0, 270],
		[69, "U1_6", -306.1887, 160.5568, "T", "SMD", "$1N457", "", "R", 26.181, 11.024, 0, 0, 270],
		[70, "U1_7", -286.5087, 160.5568, "T", "SMD", "$1N457", "", "R", 26.181, 11.024, 0, 0, 270],
		[71, "U1_8", -266.8187, 160.5568, "T", "SMD", "$1N457", "", "R", 26.181, 11.024, 0, 0, 270],
		[72, "U1_9", -247.1387, 160.5568, "T", "SMD", "GND", "GND", "R", 26.181, 11.024, 0, 0, 270],
		[73, "U1_10", -227.4487, 160.5568, "T", "SMD", "M_3.3V", "", "R", 26.181, 11.024, 0, 0, 270],
		[74, "U1_11", -266.8187, 206.1268, "T", "SMD", "GND", "GND", "R", 47.244, 78.74, 0, 0, 270],
		[75, "U2_1", 279.61, -489.255, "T", "SMD", "GND", "GND", "R", 15.748, 31.496, 0, 0, 270],
		[76, "U2_2", 279.61, -455.795, "T", "SMD", "GND", "GND", "R", 15.748, 31.496, 0, 0, 270],
		[77, "U2_3", 279.61, -422.325, "T", "SMD", "M_3.3V", "", "R", 15.748, 31.496, 0, 0, 270],
		[78, "U2_4", 279.61, -388.865, "T", "SMD", "IO0", "", "R", 15.748, 31.496, 0, 0, 270],
		[79, "U2_5", 279.61, -355.395, "T", "SMD", "IO1", "", "R", 15.748, 31.496, 0, 0, 270],
		[80, "U2_6", 279.61, -321.935, "T", "SMD", "IO2", "", "R", 15.748, 31.496, 0, 0, 270],
		[81, "U2_7", 279.61, -288.465, "T", "SMD", "IO3", "", "R", 15.748, 31.496, 0, 0, 270],
		[82, "U2_8", 279.61, -255.005, "T", "SMD", "IO4", "", "R", 15.748, 31.496, 0, 0, 270],
		[83, "U2_9", 279.61, -221.545, "T", "SMD", "BCLK", "", "R", 15.748, 31.496, 0, 0, 270],
		[84, "U2_10", 279.61, -188.075, "T", "SMD", "IO6", "", "R", 15.748, 31.496, 0, 0, 270],
		[85, "U2_11", 279.61, -154.615, "T", "SMD", "IO7", "", "R", 15.748, 31.496, 0, 0, 270],
		[86, "U2_12", 279.61, -121.145, "T", "SMD", "SDA", "", "R", 15.748, 31.496, 0, 0, 270],
		[87, "U2_13", 279.61, -87.685, "T", "SMD", "SCL", "", "R", 15.748, 31.496, 0, 0, 270],
		[88, "U2_14", 279.61, -54.215, "T", "SMD", "CSO", "", "R", 15.748, 31.496, 0, 0, 270],
		[89, "U2_15", 279.61, -20.755, "T", "SMD", "MOSI", "", "R", 15.748, 31.496, 0, 0, 270],
		[90, "U2_16", 239.25, 21.575, "T", "SMD", "SCK", "", "R", 15.748, 31.496, 0, 0, 0],
		[91, "U2_17", 205.79, 21.575, "T", "SMD", "MISO", "", "R", 15.748, 31.496, 0, 0, 0],
		[92, "U2_18", 172.32, 21.575, "T", "SMD", "DC", "", "R", 15.748, 31.496, 0, 0, 0],
		[93, "U2_19", 138.86, 21.575, "T", "SMD", "IO15", "", "R", 15.748, 31.496, 0, 0, 0],
		[94, "U2_20", 105.39, 21.575, "T", "SMD", "IO16", "", "R", 15.748, 31.496, 0, 0, 0],
		[95, "U2_21", 71.93, 21.575, "T", "SMD", "IO17", "", "R", 15.748, 31.496, 0, 0, 0],
		[96, "U2_22", 38.46, 21.575, "T", "SMD", "IO18", "", "R", 15.748, 31.496, 0, 0, 0],
		[97, "U2_23", 5, 21.575, "T", "SMD", "D-", "", "R", 15.748, 31.496, 0, 0, 0],
		[98, "U2_24", -28.46, 21.575, "T", "SMD", "D+", "", "R", 15.748, 31.496, 0, 0, 0],
		[99, "U2_25", -61.93, 21.575, "T", "SMD", "IO21", "", "R", 15.748, 31.496, 0, 0, 0],
		[100, "U2_26", -95.39, 21.575, "T", "SMD", "NET_1", "", "R", 15.748, 31.496, 0, 0, 0],
		[101, "U2_27", -128.86, 21.575, "T", "SMD", "IO47", "", "R", 15.748, 31.496, 0, 0, 0],
		[102, "U2_28", -162.32, 21.575, "T", "SMD", "BLA", "", "R", 15.748, 31.496, 0, 0, 0],
		[103, "U2_29", -195.79, 21.575, "T", "SMD", "L_RST", "", "R", 15.748, 31.496, 0, 0, 0],
		[104, "U2_30", -229.25, 21.575, "T", "SMD", "IO48", "", "R", 15.748, 31.496, 0, 0, 0],
		[105, "U2_31", -269.61, -20.755, "T", "SMD", "IO35", "", "R", 15.748, 31.496, 0, 0, 90],
		[106, "U2_32", -269.61, -54.215, "T", "SMD", "IO36", "", "R", 15.748, 31.496, 0, 0, 90],
		[107, "U2_33", -269.61, -87.685, "T", "SMD", "TP_RST", "", "R", 15.748, 31.496, 0, 0, 90],
		[108, "U2_34", -269.61, -121.145, "T", "SMD", "TP_INT", "", "R", 15.748, 31.496, 0, 0, 90],
		[109, "U2_35", -269.61, -154.615, "T", "SMD", "IO39", "", "R", 15.748, 31.496, 0, 0, 90],
		[110, "U2_36", -269.61, -188.075, "T", "SMD", "IO40", "", "R", 15.748, 31.496, 0, 0, 90],
		[111, "U2_37", -269.61, -221.545, "T", "SMD", "WS", "", "R", 15.748, 31.496, 0, 0, 90],
		[112, "U2_38", -269.61, -255.005, "T", "SMD", "SELECT", "", "R", 15.748, 31.496, 0, 0, 90],
		[113, "U2_39", -269.61, -288.465, "T", "SMD", "NET_2", "", "R", 15.748, 31.496, 0, 0, 90],
		[114, "U2_40", -269.61, -321.935, "T", "SMD", "NET_3", "", "R", 15.748, 31.496, 0, 0, 90],
		[115, "U2_41", -269.61, -355.395, "T", "SMD", "NET_4", "", "R", 15.748, 31.496, 0, 0, 90],
		[116, "U2_42", -269.61, -388.865, "T", "SMD", "GND", "GND", "R", 15.748, 31.496, 0, 0, 90],
		[117, "U2_43", -269.61, -422.325, "T", "SMD", "GND", "GND", "R", 15.748, 31.496, 0, 0, 90],
		[118, "U2_44", -269.61, -455.795, "T", "SMD", "NET_5", "", "R", 15.748, 31.496, 0, 0, 90],
		[119, "U2_45", -269.61, -489.255, "T", "SMD", "CHIP-PU", "", "R", 15.748, 31.496, 0, 0, 90],
		[120, "U2_46", -229.25, -531.575, "T", "SMD", "GND", "GND", "R", 15.748, 31.496, 0, 0, 180],
		[121, "U2_47", -195.79, -531.575, "T", "SMD", "GND", "GND", "R", 15.748, 31.496, 0, 0, 180],
		[122, "U2_48", -162.32, -531.575, "T", "SMD", "GND", "GND", "R", 15.748, 31.496, 0, 0, 180],
		[123, "U2_49", -128.86, -531.575, "T", "SMD", "GND", "GND", "R", 15.748, 31.496, 0, 0, 180],
		[124, "U2_50", -95.39, -531.575, "T", "SMD", "GND", "GND", "R", 15.748, 31.496, 0, 0, 180],
		[125, "U2_51", -61.93, -531.575, "T", "SMD", "GND", "GND", "R", 15.748, 31.496, 0, 0, 180],
		[126, "U2_52", -28.46, -531.575, "T", "SMD", "GND", "GND", "R", 15.748, 31.496, 0, 0, 180],
		[127, "U2_53", 5, -531.575, "T", "SMD", "GND", "GND", "R", 15.748, 31.496, 0, 0, 180],
		[128, "U2_54", 38.46, -531.575, "T", "SMD", "GND", "GND", "R", 15.748, 31.496, 0, 0, 180],
		[129, "U2_55", 71.93, -531.575, "T", "SMD", "GND", "GND", "R", 15.748, 31.496, 0, 0, 180],
		[130, "U2_56", 105.39, -531.575, "T", "SMD", "GND", "GND", "R", 15.748, 31.496, 0, 0, 180],
		[131, "U2_57", 138.86, -531.575, "T", "SMD", "GND", "GND", "R", 15.748, 31.496, 0, 0, 180],
		[132, "U2_58", 172.32, -531.575, "T", "SMD", "GND", "GND", "R", 15.748, 31.496, 0, 0, 180],
		[133, "U2_59", 205.79, -531.575, "T", "SMD", "GND", "GND", "R", 15.748, 31.496, 0, 0, 180],
		[134, "U2_60", 239.25, -531.575, "T", "SMD", "GND", "GND", "R", 15.748, 31.496, 0, 0, 180],
		[135, "U2_GND", 280.59, -530.595, "T", "SMD", "GND", "GND", "R", 31.496, 31.496, 0, 0, 270],
		[136, "U2_GND", -270.59, -530.595, "T", "SMD", "GND", "GND", "R", 31.496, 31.496, 0, 0, 270],
		[137, "U2_GND", 280.59, 20.585, "T", "SMD", "GND", "GND", "R", 31.496, 31.496, 0, 0, 270],
		[138, "U2_GND", -270.59, 20.585, "T", "SMD", "GND", "GND", "R", 31.496, 31.496, 0, 0, 270],
		[139, "U2_GND", 69.96, -319.965, "T", "SMD", "GND", "GND", "R", 47.244, 47.244, 0, 0, 270],
		[140, "U2_GND", 5, -319.965, "T", "SMD", "GND", "GND", "R", 47.244, 47.244, 0, 0, 270],
		[141, "U2_GND", -59.96, -319.965, "T", "SMD", "GND", "GND", "R", 47.244, 47.244, 0, 0, 270],
		[142, "U2_GND", 69.96, -255.005, "T", "SMD", "GND", "GND", "R", 47.244, 47.244, 0, 0, 270],
		[143, "U2_GND", 5, -255.005, "T", "SMD", "GND", "GND", "R", 47.244, 47.244, 0, 0, 270],
		[144, "U2_GND", -59.96, -255.005, "T", "SMD", "GND", "GND", "R", 47.244, 47.244, 0, 0, 270],
		[145, "U2_GND", 69.96, -190.045, "T", "SMD", "GND", "GND", "R", 47.244, 47.244, 0, 0, 270],
		[146, "U2_GND", 5, -190.045, "T", "SMD", "GND", "GND", "R", 47.244, 47.244, 0, 0, 270],
		[147, "U2_GND", -59.96, -190.045, "T", "SMD", "GND", "GND", "R", 47.244, 47.244, 0, 0, 270],
		[148, "U3_1", 372.98, 170, "T", "SMD", "32KHZ", "", "O", 22.598, 94.508, 0, 0, 270],
		[149, "U3_2", 372.98, 120, "T", "SMD", "3.3V", "", "O", 22.598, 94.508, 0, 0, 270],
		[150, "U3_3", 372.98, 70, "T", "SMD", "INT", "", "O", 22.598, 94.508, 0, 0, 270],
		[151, "U3_4", 372.98, 20, "T", "SMD", "RST", "", "O", 22.598, 94.508, 0, 0, 270],
		[152, "U3_5", 372.98, -30, "T", "SMD", "GND", "GND", "O", 22.598, 94.508, 0, 0, 270],
		[153, "U3_6", 372.98, -80, "T", "SMD", "GND", "GND", "O", 22.598, 94.508, 0, 0, 270],
		[154, "U3_7", 372.98, -130, "T", "SMD", "GND", "GND", "O", 22.598, 94.508, 0, 0, 270],
		[155, "U3_8", 372.98, -180, "T", "SMD", "GND", "GND", "O", 22.598, 94.508, 0, 0, 270],
		[156, "U3_9", 747.02, -180, "T", "SMD", "GND", "GND", "O", 22.598, 94.508, 0, 0, 270],
		[157, "U3_10", 747.02, -130, "T", "SMD", "GND", "GND", "O", 22.598, 94.508, 0, 0, 270],
		[158, "U3_11", 747.02, -80, "T", "SMD", "GND", "GND", "O", 22.598, 94.508, 0, 0, 270],
		[159, "U3_12", 747.02, -30, "T", "SMD", "GND", "GND", "O", 22.598, 94.508, 0, 0, 270],
		[160, "U3_13", 747.02, 20, "T", "SMD", "GND", "GND", "O", 22.598, 94.508, 0, 0, 270],
		[161, "U3_14", 747.02, 70, "T", "SMD", "BAT", "", "O", 22.598, 94.508, 0, 0, 270],
		[162, "U3_15", 747.02, 120, "T", "SMD", "$1N5966", "", "O", 22.598, 94.508, 0, 0, 270],
		[163, "U3_16", 747.02, 170, "T", "SMD", "$1N5970", "", "O", 22.598, 94.508, 0, 0, 270],
		[164, "U4_1", 122.6, 364.58, "T", "SMD", "IO21", "", "R", 19.291, 45.551, 0, 0, 0],
		[165, "U4_2", 160, 364.58, "T", "SMD", "GND", "GND", "R", 19.291, 45.551, 0, 0, 0],
		[166, "U4_3", 197.4, 364.58, "T", "SMD", "BAT", "", "R", 19.291, 45.551, 0, 0, 0],
		[167, "U4_4", 197.4, 455.42, "T", "SMD", "VBUS", "", "R", 19.291, 46.26, 0, 0, 0],
		[168, "U4_5", 122.6, 455.42, "T", "SMD", "PROG", "", "R", 19.291, 46.26, 0, 0, 0],
		[169, "USB1_1", 129.4772, 554.1569, "T", "SMD", "GND", "GND", "R", 21.654, 43.307, 0, 0, 180],
		[170, "USB1_2", 97.9772, 554.1569, "T", "SMD", "VBUS", "", "R", 21.654, 43.307, 0, 0, 180],
		[171, "USB1_3", 72.3872, 554.1569, "T", "SMD", "NET_6", "", "R", 11.811, 43.307, 0, 0, 180],
		[172, "USB1_4", 52.6972, 554.1569, "T", "SMD", "$1N1955", "", "R", 11.811, 43.307, 0, 0, 180],
		[173, "USB1_5", 33.0172, 554.1569, "T", "SMD", "D-", "", "R", 11.811, 43.307, 0, 0, 180],
		[174, "USB1_6", 13.3372, 554.1569, "T", "SMD", "D+", "", "R", 11.811, 43.307, 0, 0, 180],
		[175, "USB1_7", -6.3528, 554.1569, "T", "SMD", "D-", "", "R", 11.811, 43.307, 0, 0, 180],
		[176, "USB1_8", -26.0328, 554.1569, "T", "SMD", "D+", "", "R", 11.811, 43.307, 0, 0, 180],
		[177, "USB1_9", -45.7228, 554.1569, "T", "SMD", "NET_7", "", "R", 11.811, 43.307, 0, 0, 180],
		[178, "USB1_10", -65.4128, 554.1569, "T", "SMD", "$1N1950", "", "R", 11.811, 43.307, 0, 0, 180],
		[179, "USB1_11", -91.0028, 554.1569, "T", "SMD", "VBUS", "", "R", 21.654, 43.307, 0, 0, 180],
		[180, "USB1_12", -122.4928, 554.1569, "T", "SMD", "GND", "GND", "R", 21.654, 43.307, 0, 0, 180],
		[181, "USB1_13", 173.7672, 575.8069, "T", "DIP", "GND", "GND", "O", 43.307, 78.74, 23.622, 59.055, 180],
		[182, "USB1_13", 173.7672, 575.8069, "B", "DIP", "GND", "GND", "O", 43.307, 78.74, 23.622, 59.055, 180],
		[183, "USB1_13", 173.7672, 741.1669, "T", "DIP", "GND", "GND", "O", 47.244, 70.866, 23.622, 47.244, 180],
		[184, "USB1_13", 173.7672, 741.1669, "B", "DIP", "GND", "GND", "O", 47.244, 70.866, 23.622, 47.244, 180],
		[185, "USB1_14", -166.7828, 575.8069, "T", "DIP", "GND", "GND", "O", 43.307, 78.74, 23.622, 59.056, 180],
		[186, "USB1_14", -166.7828, 575.8069, "B", "DIP", "GND", "GND", "O", 43.307, 78.74, 23.622, 59.056, 180],
		[187, "USB1_14", -166.7828, 741.1669, "T", "DIP", "GND", "GND", "O", 47.244, 70.866, 23.622, 47.244, 180],
		[188, "USB1_14", -166.7828, 741.1669, "B", "DIP", "GND", "GND", "O", 47.244, 70.866, 23.622, 47.244, 180],
		[189, "PAD1_1", 305, 700, "T", "DIP", "MISO", "", "C", 60, 60, 36, 36, 0],
		[190, "PAD1_1", 305, 700, "B", "DIP", "MISO", "", "C", 60, 60, 36, 36, 0],
		[191, "PAD2_2", 305, 600, "T", "DIP", "MOSI", "", "C", 60, 60, 36, 36, 0],
		[192, "PAD2_2", 305, 600, "B", "DIP", "MOSI", "", "C", 60, 60, 36, 36, 0],
		[193, "PAD3_3", 305, 500, "T", "DIP", "SCK", "", "C", 60, 60, 36, 36, 0],
		[194, "PAD3_3", 305, 500, "B", "DIP", "SCK", "", "C", 60, 60, 36, 36, 0],
		[195, "PAD4_4", 305, 400, "T", "DIP", "CSO", "", "C", 60, 60, 36, 36, 0],
		[196, "PAD4_4", 305, 400, "B", "DIP", "CSO", "", "C", 60, 60, 36, 36, 0],
		[197, "PAD5_5", 305, 300, "T", "DIP", "DC", "", "C", 60, 60, 36, 36, 0],
		[198, "PAD5_5", 305, 300, "B", "DIP", "DC", "", "C", 60, 60, 36, 36, 0],
		[199, "PAD6_6", 405, 600, "T", "DIP", "3.3V", "", "C", 60, 60, 36, 36, 0],
		[200, "PAD6_6", 405, 600, "B", "DIP", "3.3V", "", "C", 60, 60, 36, 36, 0],
		[201, "PAD7_8", 405, 500, "T", "DIP", "GND", "GND", "C", 60, 60, 36, 36, 0],
		[202, "PAD7_8", 405, 500, "B", "DIP", "GND", "GND", "C", 60, 60, 36, 36, 0],
		[203, "PAD8_1", -730, 230, "T", "DIP", "IO16", "", "C", 60, 60, 36, 36, 0],
		[204, "PAD8_1", -730, 230, "B", "DIP", "IO16", "", "C", 60, 60, 36, 36, 0],
		[205, "PAD9_2", -730, 130, "T", "DIP", "IO17", "", "C", 60, 60, 36, 36, 0],
		[206, "PAD9_2", -730, 130, "B", "DIP", "IO17", "", "C", 60, 60, 36, 36, 0],
		[207, "PAD10_3", -730, 30, "T", "DIP", "TP_RST", "", "C", 60, 60, 36, 36, 0],
		[208, "PAD10_3", -730, 30, "B", "DIP", "TP_RST", "", "C", 60, 60, 36, 36, 0],
		[209, "PAD11_4", -730, -70, "T", "DIP", "TP_INT", "", "C", 60, 60, 36, 36, 0],
		[210, "PAD11_4", -730, -70, "B", "DIP", "TP_INT", "", "C", 60, 60, 36, 36, 0],
		[211, "PAD12_5", -730, -170, "T", "DIP", "BAT", "", "C", 60, 60, 36, 36, 0],
		[212, "PAD12_5", -730, -170, "B", "DIP", "BAT", "", "C", 60, 60, 36, 36, 0],
		[213, "PAD13_6", -730, -270, "T", "DIP", "VBATIN", "", "C", 60, 60, 36, 36, 0],
		[214, "PAD13_6", -730, -270, "B", "DIP", "VBATIN", "", "C", 60, 60, 36, 36, 0],
		[215, "PAD14_7", -630, 130, "T", "DIP", "BLA", "", "C", 60, 60, 36, 36, 0],
		[216, "PAD14_7", -630, 130, "B", "DIP", "BLA", "", "C", 60, 60, 36, 36, 0],
		[217, "PAD15_8", -630, 30, "T", "DIP", "L_RST", "", "C", 60, 60, 36, 36, 0],
		[218, "PAD15_8", -630, 30, "B", "DIP", "L_RST", "", "C", 60, 60, 36, 36, 0],
		[219, "PAD16_9", -630, -70, "T", "DIP", "SDA", "", "C", 60, 60, 36, 36, 0],
		[220, "PAD16_9", -630, -70, "B", "DIP", "SDA", "", "C", 60, 60, 36, 36, 0],
		[221, "PAD17_10", -630, -170, "T", "DIP", "SCL", "", "C", 60, 60, 36, 36, 0],
		[222, "PAD17_10", -630, -170, "B", "DIP", "SCL", "", "C", 60, 60, 36, 36, 0],
		[223, "PAD18_9", -530, -70, "T", "DIP", "IO35", "", "C", 60, 60, 36, 36, 0],
		[224, "PAD18_9", -530, -70, "B", "DIP", "IO35", "", "C", 60, 60, 36, 36, 0],
		[225, "PAD19_10", -634.1813, -269.9125, "T", "DIP", "SELECT", "", "C", 60, 60, 36, 36, 0],
		[226, "PAD19_10", -634.1813, -269.9125, "B", "DIP", "SELECT", "", "C", 60, 60, 36, 36, 0],
		[227, "PAD20_8", 505, 500, "T", "DIP", "BCLK", "", "C", 60, 60, 36, 36, 0],
		[228, "PAD20_8", 505, 500, "B", "DIP", "BCLK", "", "C", 60, 60, 36, 36, 0],
		[229, "PAD21_10", -530, -170, "T", "DIP", "WS", "", "C", 60, 60, 36, 36, 0],
		[230, "PAD21_10", -530, -170, "B", "DIP", "WS", "", "C", 60, 60, 36, 36, 0],
		[231, "PAD22_10", 405, 300, "T", "DIP", "IO15", "", "C", 60, 60, 36, 36, 0],
		[232, "PAD22_10", 405, 300, "B", "DIP", "IO15", "", "C", 60, 60, 36, 36, 0],
		[233, "PAD23_10", -630, 230, "T", "DIP", "IO4", "", "C", 60, 60, 36, 36, 0],
		[234, "PAD23_10", -630, 230, "B", "DIP", "IO4", "", "C", 60, 60, 36, 36, 0],
		[235, "PAD24_1", 645, -255, "T", "DIP", "IO39", "", "C", 60, 60, 36, 36, 0],
		[236, "PAD24_1", 645, -255, "B", "DIP", "IO39", "", "C", 60, 60, 36, 36, 0],
		[237, "PAD25_2", 665, -360, "T", "DIP", "IO3", "", "C", 60, 60, 36, 36, 0],
		[238, "PAD25_2", 665, -360, "B", "DIP", "IO3", "", "C", 60, 60, 36, 36, 0],
		[239, "PAD26_2", 625, -465, "T", "DIP", "IO2", "", "C", 60, 60, 36, 36, 0],
		[240, "PAD26_2", 625, -465, "B", "DIP", "IO2", "", "C", 60, 60, 36, 36, 0],
		[241, "PAD27_2", 540, -520, "T", "DIP", "M_3.3V", "", "C", 60, 60, 36, 36, 0],
		[242, "PAD27_2", 540, -520, "B", "DIP", "M_3.3V", "", "C", 60, 60, 36, 36, 0],
		[243, "PAD28_2", 730, -280, "T", "DIP", "IO40", "", "C", 60, 60, 36, 36, 0],
		[244, "PAD28_2", 730, -280, "B", "DIP", "IO40", "", "C", 60, 60, 36, 36, 0],
		[245, "PAD29_1", -675, -360, "T", "DIP", "PGND", "", "C", 60, 60, 36, 36, 0],
		[246, "PAD29_1", -675, -360, "B", "DIP", "PGND", "", "C", 60, 60, 36, 36, 0],
		[247, "PAD30_2", -180.0667, 188.7138, "T", "SMD", "GND", "GND", "R", 31.106, 21.26, 0, 0, 270],
		[248, "PAD31_1", -180.0667, 231.6338, "T", "SMD", "M_3.3V", "", "R", 31.106, 21.26, 0, 0, 270],
		[249, "PAD32_2", -130.0667, 188.7138, "T", "SMD", "GND", "GND", "R", 31.106, 21.26, 0, 0, 270],
		[250, "PAD33_1", -130.0667, 231.6338, "T", "SMD", "M_3.3V", "", "R", 31.106, 21.26, 0, 0, 270],
		[251, "PAD34_2", -291.5267, 105.1738, "T", "SMD", "$1N457", "", "R", 31.106, 21.26, 0, 0, 180],
		[252, "PAD35_1", -248.6067, 105.1738, "T", "SMD", "GND", "GND", "R", 31.106, 21.26, 0, 0, 180],
		[253, "PAD36_2", -350.0667, 231.6338, "T", "SMD", "VIN", "", "R", 31.106, 21.26, 0, 0, 90],
		[254, "PAD37_1", -350.0667, 188.7138, "T", "SMD", "GND", "GND", "R", 31.106, 21.26, 0, 0, 90],
		[255, "PAD38_1", -344.84, 360, "T", "SMD", "$1N269", "", "R", 55.118, 83.465, 0, 0, 180],
		[256, "PAD39_2", -185.16, 360, "T", "SMD", "$1N274", "", "R", 55.118, 83.465, 0, 0, 180],
		[257, "PAD40_1", -227.4487, 251.6968, "T", "SMD", "M_3.3V", "", "R", 26.181, 11.024, 0, 0, 270],
		[258, "PAD41_2", -247.1387, 251.6968, "T", "SMD", "$1N274", "", "R", 26.181, 11.024, 0, 0, 270],
		[259, "PAD42_3", -266.8187, 251.6968, "T", "SMD", "GND", "GND", "R", 26.181, 11.024, 0, 0, 270],
		[260, "PAD43_4", -286.5087, 251.6968, "T", "SMD", "$1N269", "", "R", 26.181, 11.024, 0, 0, 270],
		[261, "PAD44_5", -306.1887, 251.6968, "T", "SMD", "VIN", "", "R", 26.181, 11.024, 0, 0, 270],
		[262, "PAD45_10", -227.4487, 160.5568, "T", "SMD", "M_3.3V", "", "R", 26.181, 11.024, 0, 0, 270],
		[263, "PAD46_9", -247.1387, 160.5568, "T", "SMD", "GND", "GND", "R", 26.181, 11.024, 0, 0, 270],
		[264, "PAD47_8", -266.8187, 160.5568, "T", "SMD", "$1N457", "", "R", 26.181, 11.024, 0, 0, 270],
		[265, "PAD48_7", -286.5087, 160.5568, "T", "SMD", "$1N457", "", "R", 26.181, 11.024, 0, 0, 270],
		[266, "PAD49_6", -306.1887, 160.5568, "T", "SMD", "$1N457", "", "R", 26.181, 11.024, 0, 0, 270],
		[267, "PAD50_11", -266.8187, 206.1268, "T", "SMD", "GND", "GND", "R", 47.244, 78.74, 0, 0, 270],
		[268, "PAD51_2", 218.4922, 679.7019, "T", "SMD", "GND", "GND", "R", 22.27, 21.26, 0, 0, 90],
		[269, "PAD52_1", 218.4922, 645.6219, "T", "SMD", "$1N1955", "", "R", 22.27, 21.26, 0, 0, 90],
		[270, "PAD53_2", -225, 602.04, "T", "SMD", "GND", "GND", "R", 22.27, 21.26, 0, 0, 90],
		[271, "PAD54_1", -225, 567.96, "T", "SMD", "$1N1950", "", "R", 22.27, 21.26, 0, 0, 90],
		[272, "PAD55_1", 129.4772, 554.1569, "T", "SMD", "GND", "GND", "R", 21.654, 43.307, 0, 0, 180],
		[273, "PAD56_2", 97.9772, 554.1569, "T", "SMD", "VBUS", "", "R", 21.654, 43.307, 0, 0, 180],
		[274, "PAD57_4", 52.6972, 554.1569, "T", "SMD", "$1N1955", "", "R", 11.811, 43.307, 0, 0, 180],
		[275, "PAD58_5", 33.0172, 554.1569, "T", "SMD", "D-", "", "R", 11.811, 43.307, 0, 0, 180],
		[276, "PAD59_6", 13.3372, 554.1569, "T", "SMD", "D+", "", "R", 11.811, 43.307, 0, 0, 180],
		[277, "PAD60_7", -6.3528, 554.1569, "T", "SMD", "D-", "", "R", 11.811, 43.307, 0, 0, 180],
		[278, "PAD61_8", -26.0328, 554.1569, "T", "SMD", "D+", "", "R", 11.811, 43.307, 0, 0, 180],
		[279, "PAD62_10", -65.4128, 554.1569, "T", "SMD", "$1N1950", "", "R", 11.811, 43.307, 0, 0, 180],
		[280, "PAD63_11", -91.0028, 554.1569, "T", "SMD", "VBUS", "", "R", 21.654, 43.307, 0, 0, 180],
		[281, "PAD64_12", -122.4928, 554.1569, "T", "SMD", "GND", "GND", "R", 21.654, 43.307, 0, 0, 180],
		[282, "PAD65_13", 173.7672, 575.8069, "T", "DIP", "GND", "GND", "O", 43.307, 78.74, 23.622, 59.055, 180],
		[283, "PAD65_13", 173.7672, 575.8069, "B", "DIP", "GND", "GND", "O", 43.307, 78.74, 23.622, 59.055, 180],
		[284, "PAD66_14", -166.7828, 575.8069, "T", "DIP", "GND", "GND", "O", 43.307, 78.74, 23.622, 59.056, 180],
		[285, "PAD66_14", -166.7828, 575.8069, "B", "DIP", "GND", "GND", "O", 43.307, 78.74, 23.622, 59.056, 180],
		[286, "PAD67_13", 173.7672, 741.1669, "T", "DIP", "GND", "GND", "O", 47.244, 70.866, 23.622, 47.244, 180],
		[287, "PAD67_13", 173.7672, 741.1669, "B", "DIP", "GND", "GND", "O", 47.244, 70.866, 23.622, 47.244, 180],
		[288, "PAD68_14", -166.7828, 741.1669, "T", "DIP", "GND", "GND", "O", 47.244, 70.866, 23.622, 47.244, 180],
		[289, "PAD68_14", -166.7828, 741.1669, "B", "DIP", "GND", "GND", "O", 47.244, 70.866, 23.622, 47.244, 180],
		[290, "PAD69_1", 279.61, -489.255, "T", "SMD", "GND", "GND", "R", 15.748, 31.496, 0, 0, 270],
		[291, "PAD70_2", 279.61, -455.795, "T", "SMD", "GND", "GND", "R", 15.748, 31.496, 0, 0, 270],
		[292, "PAD71_3", 279.61, -422.325, "T", "SMD", "M_3.3V", "", "R", 15.748, 31.496, 0, 0, 270],
		[293, "PAD72_4", 279.61, -388.865, "T", "SMD", "IO0", "", "R", 15.748, 31.496, 0, 0, 270],
		[294, "PAD73_5", 279.61, -355.395, "T", "SMD", "IO1", "", "R", 15.748, 31.496, 0, 0, 270],
		[295, "PAD74_6", 279.61, -321.935, "T", "SMD", "IO2", "", "R", 15.748, 31.496, 0, 0, 270],
		[296, "PAD75_7", 279.61, -288.465, "T", "SMD", "IO3", "", "R", 15.748, 31.496, 0, 0, 270],
		[297, "PAD76_8", 279.61, -255.005, "T", "SMD", "IO4", "", "R", 15.748, 31.496, 0, 0, 270],
		[298, "PAD77_9", 279.61, -221.545, "T", "SMD", "BCLK", "", "R", 15.748, 31.496, 0, 0, 270],
		[299, "PAD78_10", 279.61, -188.075, "T", "SMD", "IO6", "", "R", 15.748, 31.496, 0, 0, 270],
		[300, "PAD79_11", 279.61, -154.615, "T", "SMD", "IO7", "", "R", 15.748, 31.496, 0, 0, 270],
		[301, "PAD80_12", 279.61, -121.145, "T", "SMD", "SDA", "", "R", 15.748, 31.496, 0, 0, 270],
		[302, "PAD81_13", 279.61, -87.685, "T", "SMD", "SCL", "", "R", 15.748, 31.496, 0, 0, 270],
		[303, "PAD82_14", 279.61, -54.215, "T", "SMD", "CSO", "", "R", 15.748, 31.496, 0, 0, 270],
		[304, "PAD83_15", 279.61, -20.755, "T", "SMD", "MOSI", "", "R", 15.748, 31.496, 0, 0, 270],
		[305, "PAD84_16", 239.25, 21.575, "T", "SMD", "SCK", "", "R", 15.748, 31.496, 0, 0, 0],
		[306, "PAD85_17", 205.79, 21.575, "T", "SMD", "MISO", "", "R", 15.748, 31.496, 0, 0, 0],
		[307, "PAD86_18", 172.32, 21.575, "T", "SMD", "DC", "", "R", 15.748, 31.496, 0, 0, 0],
		[308, "PAD87_19", 138.86, 21.575, "T", "SMD", "IO15", "", "R", 15.748, 31.496, 0, 0, 0],
		[309, "PAD88_20", 105.39, 21.575, "T", "SMD", "IO16", "", "R", 15.748, 31.496, 0, 0, 0],
		[310, "PAD89_21", 71.93, 21.575, "T", "SMD", "IO17", "", "R", 15.748, 31.496, 0, 0, 0],
		[311, "PAD90_22", 38.46, 21.575, "T", "SMD", "IO18", "", "R", 15.748, 31.496, 0, 0, 0],
		[312, "PAD91_23", 5, 21.575, "T", "SMD", "D-", "", "R", 15.748, 31.496, 0, 0, 0],
		[313, "PAD92_24", -28.46, 21.575, "T", "SMD", "D+", "", "R", 15.748, 31.496, 0, 0, 0],
		[314, "PAD93_25", -61.93, 21.575, "T", "SMD", "IO21", "", "R", 15.748, 31.496, 0, 0, 0],
		[315, "PAD94_27", -128.86, 21.575, "T", "SMD", "IO47", "", "R", 15.748, 31.496, 0, 0, 0],
		[316, "PAD95_28", -162.32, 21.575, "T", "SMD", "BLA", "", "R", 15.748, 31.496, 0, 0, 0],
		[317, "PAD96_29", -195.79, 21.575, "T", "SMD", "L_RST", "", "R", 15.748, 31.496, 0, 0, 0],
		[318, "PAD97_30", -229.25, 21.575, "T", "SMD", "IO48", "", "R", 15.748, 31.496, 0, 0, 0],
		[319, "PAD98_31", -269.61, -20.755, "T", "SMD", "IO35", "", "R", 15.748, 31.496, 0, 0, 90],
		[320, "PAD99_32", -269.61, -54.215, "T", "SMD", "IO36", "", "R", 15.748, 31.496, 0, 0, 90],
		[321, "PAD100_33", -269.61, -87.685, "T", "SMD", "TP_RST", "", "R", 15.748, 31.496, 0, 0, 90],
		[322, "PAD101_34", -269.61, -121.145, "T", "SMD", "TP_INT", "", "R", 15.748, 31.496, 0, 0, 90],
		[323, "PAD102_35", -269.61, -154.615, "T", "SMD", "IO39", "", "R", 15.748, 31.496, 0, 0, 90],
		[324, "PAD103_36", -269.61, -188.075, "T", "SMD", "IO40", "", "R", 15.748, 31.496, 0, 0, 90],
		[325, "PAD104_37", -269.61, -221.545, "T", "SMD", "WS", "", "R", 15.748, 31.496, 0, 0, 90],
		[326, "PAD105_38", -269.61, -255.005, "T", "SMD", "SELECT", "", "R", 15.748, 31.496, 0, 0, 90],
		[327, "PAD106_42", -269.61, -388.865, "T", "SMD", "GND", "GND", "R", 15.748, 31.496, 0, 0, 90],
		[328, "PAD107_43", -269.61, -422.325, "T", "SMD", "GND", "GND", "R", 15.748, 31.496, 0, 0, 90],
		[329, "PAD108_45", -269.61, -489.255, "T", "SMD", "CHIP-PU", "", "R", 15.748, 31.496, 0, 0, 90],
		[330, "PAD109_46", -229.25, -531.575, "T", "SMD", "GND", "GND", "R", 15.748, 31.496, 0, 0, 180],
		[331, "PAD110_47", -195.79, -531.575, "T", "SMD", "GND", "GND", "R", 15.748, 31.496, 0, 0, 180],
		[332, "PAD111_48", -162.32, -531.575, "T", "SMD", "GND", "GND", "R", 15.748, 31.496, 0, 0, 180],
		[333, "PAD112_49", -128.86, -531.575, "T", "SMD", "GND", "GND", "R", 15.748, 31.496, 0, 0, 180],
		[334, "PAD113_50", -95.39, -531.575, "T", "SMD", "GND", "GND", "R", 15.748, 31.496, 0, 0, 180],
		[335, "PAD114_51", -61.93, -531.575, "T", "SMD", "GND", "GND", "R", 15.748, 31.496, 0, 0, 180],
		[336, "PAD115_52", -28.46, -531.575, "T", "SMD", "GND", "GND", "R", 15.748, 31.496, 0, 0, 180],
		[337, "PAD116_53", 5, -531.575, "T", "SMD", "GND", "GND", "R", 15.748, 31.496, 0, 0, 180],
		[338, "PAD117_54", 38.46, -531.575, "T", "SMD", "GND", "GND", "R", 15.748, 31.496, 0, 0, 180],
		[339, "PAD118_55", 71.93, -531.575, "T", "SMD", "GND", "GND", "R", 15.748, 31.496, 0, 0, 180],
		[340, "PAD119_56", 105.39, -531.575, "T", "SMD", "GND", "GND", "R", 15.748, 31.496, 0, 0, 180],
		[341, "PAD120_57", 138.86, -531.575, "T", "SMD", "GND", "GND", "R", 15.748, 31.496, 0, 0, 180],
		[342, "PAD121_58", 172.32, -531.575, "T", "SMD", "GND", "GND", "R", 15.748, 31.496, 0, 0, 180],
		[343, "PAD122_59", 205.79, -531.575, "T", "SMD", "GND", "GND", "R", 15.748, 31.496, 0, 0, 180],
		[344, "PAD123_60", 239.25, -531.575, "T", "SMD", "GND", "GND", "R", 15.748, 31.496, 0, 0, 180],
		[345, "PAD124_GND", 280.59, -530.595, "T", "SMD", "GND", "GND", "R", 31.496, 31.496, 0, 0, 270],
		[346, "PAD125_GND", -270.59, -530.595, "T", "SMD", "GND", "GND", "R", 31.496, 31.496, 0, 0, 270],
		[347, "PAD126_GND", 280.59, 20.585, "T", "SMD", "GND", "GND", "R", 31.496, 31.496, 0, 0, 270],
		[348, "PAD127_GND", -270.59, 20.585, "T", "SMD", "GND", "GND", "R", 31.496, 31.496, 0, 0, 270],
		[349, "PAD128_GND", 69.96, -319.965, "T", "SMD", "GND", "GND", "R", 47.244, 47.244, 0, 0, 270],
		[350, "PAD129_GND", 5, -319.965, "T", "SMD", "GND", "GND", "R", 47.244, 47.244, 0, 0, 270],
		[351, "PAD130_GND", -59.96, -319.965, "T", "SMD", "GND", "GND", "R", 47.244, 47.244, 0, 0, 270],
		[352, "PAD131_GND", 69.96, -255.005, "T", "SMD", "GND", "GND", "R", 47.244, 47.244, 0, 0, 270],
		[353, "PAD132_GND", 5, -255.005, "T", "SMD", "GND", "GND", "R", 47.244, 47.244, 0, 0, 270],
		[354, "PAD133_GND", -59.96, -255.005, "T", "SMD", "GND", "GND", "R", 47.244, 47.244, 0, 0, 270],
		[355, "PAD134_GND", 69.96, -190.045, "T", "SMD", "GND", "GND", "R", 47.244, 47.244, 0, 0, 270],
		[356, "PAD135_GND", 5, -190.045, "T", "SMD", "GND", "GND", "R", 47.244, 47.244, 0, 0, 270],
		[357, "PAD136_GND", -59.96, -190.045, "T", "SMD", "GND", "GND", "R", 47.244, 47.244, 0, 0, 270],
		[358, "PAD137_2", 340, -458.54, "T", "SMD", "M_3.3V", "", "R", 31.106, 21.26, 0, 0, 90],
		[359, "PAD138_1", 340, -501.46, "T", "SMD", "GND", "GND", "R", 31.106, 21.26, 0, 0, 90],
		[360, "PAD139_2", 394.8255, -509.8255, "T", "SMD", "M_3.3V", "", "R", 31.106, 21.26, 0, 0, 135],
		[361, "PAD140_1", 425.1745, -540.1745, "T", "SMD", "GND", "GND", "R", 31.106, 21.26, 0, 0, 135],
		[362, "PAD141_2", -340, -378.54, "T", "SMD", "CHIP-PU", "", "R", 31.106, 21.26, 0, 0, 90],
		[363, "PAD142_1", -340, -421.46, "T", "SMD", "GND", "GND", "R", 31.106, 21.26, 0, 0, 90],
		[364, "PAD143_2", -310, 686.61, "T", "SMD", "VBUS", "", "R", 78.74, 78.74, 0, 0, 270],
		[365, "PAD144_1", -310, 513.39, "T", "SMD", "VIN", "", "R", 78.74, 78.74, 0, 0, 270],
		[366, "PAD145_2", -225, 645.475, "T", "SMD", "VBUS", "", "R", 23.622, 15.748, 0, 0, 90],
		[367, "PAD146_1", -225, 704.525, "T", "SMD", "GND", "GND", "R", 23.622, 15.748, 0, 0, 270],
		[368, "PAD147_2", 35, 504.525, "T", "SMD", "D-", "", "R", 23.622, 15.748, 0, 0, 270],
		[369, "PAD148_1", 35, 445.475, "T", "SMD", "GND", "GND", "R", 23.622, 15.748, 0, 0, 90],
		[370, "PAD149_2", -10, 504.525, "T", "SMD", "D+", "", "R", 23.622, 15.748, 0, 0, 270],
		[371, "PAD150_1", -10, 445.475, "T", "SMD", "GND", "GND", "R", 23.622, 15.748, 0, 0, 90],
		[372, "PAD151_2", 40, 77.96, "T", "SMD", "IO18", "", "R", 22.27, 21.26, 0, 0, 270],
		[373, "PAD152_1", 40, 112.04, "T", "SMD", "3.3V", "", "R", 22.27, 21.26, 0, 0, 270],
		[374, "PAD153_2", -367.96, -325, "T", "SMD", "CHIP-PU", "", "R", 22.27, 21.26, 0, 0, 0],
		[375, "PAD154_1", -402.04, -325, "T", "SMD", "3.3V", "", "R", 22.27, 21.26, 0, 0, 0],
		[376, "PAD155_2", 145, 258.54, "T", "SMD", "IO0", "", "R", 31.106, 21.26, 0, 0, 270],
		[377, "PAD156_1", 145, 301.46, "T", "SMD", "GND", "GND", "R", 31.106, 21.26, 0, 0, 270],
		[378, "PAD157_2", -475, -236.46, "T", "SMD", "CHIP-PU", "", "R", 31.106, 21.26, 0, 0, 270],
		[379, "PAD158_1", -475, -193.54, "T", "SMD", "GND", "GND", "R", 31.106, 21.26, 0, 0, 270],
		[380, "PAD159_1", -385, -266.02, "T", "SMD", "CHIP-PU", "", "R", 48.425, 53.543, 0, 0, 90],
		[381, "PAD160_2", -385, -93.98, "T", "SMD", "GND", "GND", "R", 48.425, 53.543, 0, 0, 90],
		[382, "PAD161_1", 50, 168.98, "T", "SMD", "IO0", "", "R", 48.425, 53.543, 0, 0, 90],
		[383, "PAD162_2", 50, 341.02, "T", "SMD", "GND", "GND", "R", 48.425, 53.543, 0, 0, 90],
		[384, "PAD163_2", 717.96, 270, "T", "SMD", "$1N5966", "", "R", 22.27, 21.26, 0, 0, 180],
		[385, "PAD164_1", 752.04, 270, "T", "SMD", "3.3V", "", "R", 22.27, 21.26, 0, 0, 180],
		[386, "PAD165_2", 762.04, 215, "T", "SMD", "$1N5970", "", "R", 22.27, 21.26, 0, 0, 0],
		[387, "PAD166_1", 727.96, 215, "T", "SMD", "3.3V", "", "R", 22.27, 21.26, 0, 0, 0],
		[388, "PAD167_1", 372.98, 170, "T", "SMD", "32KHZ", "", "O", 22.598, 94.508, 0, 0, 270],
		[389, "PAD168_2", 372.98, 120, "T", "SMD", "3.3V", "", "O", 22.598, 94.508, 0, 0, 270],
		[390, "PAD169_3", 372.98, 70, "T", "SMD", "INT", "", "O", 22.598, 94.508, 0, 0, 270],
		[391, "PAD170_4", 372.98, 20, "T", "SMD", "RST", "", "O", 22.598, 94.508, 0, 0, 270],
		[392, "PAD171_5", 372.98, -30, "T", "SMD", "GND", "GND", "O", 22.598, 94.508, 0, 0, 270],
		[393, "PAD172_6", 372.98, -80, "T", "SMD", "GND", "GND", "O", 22.598, 94.508, 0, 0, 270],
		[394, "PAD173_7", 372.98, -130, "T", "SMD", "GND", "GND", "O", 22.598, 94.508, 0, 0, 270],
		[395, "PAD174_8", 372.98, -180, "T", "SMD", "GND", "GND", "O", 22.598, 94.508, 0, 0, 270],
		[396, "PAD175_16", 747.02, 170, "T", "SMD", "$1N5970", "", "O", 22.598, 94.508, 0, 0, 270],
		[397, "PAD176_15", 747.02, 120, "T", "SMD", "$1N5966", "", "O", 22.598, 94.508, 0, 0, 270],
		[398, "PAD177_14", 747.02, 70, "T", "SMD", "BAT", "", "O", 22.598, 94.508, 0, 0, 270],
		[399, "PAD178_13", 747.02, 20, "T", "SMD", "GND", "GND", "O", 22.598, 94.508, 0, 0, 270],
		[400, "PAD179_12", 747.02, -30, "T", "SMD", "GND", "GND", "O", 22.598, 94.508, 0, 0, 270],
		[401, "PAD180_11", 747.02, -80, "T", "SMD", "GND", "GND", "O", 22.598, 94.508, 0, 0, 270],
		[402, "PAD181_10", 747.02, -130, "T", "SMD", "GND", "GND", "O", 22.598, 94.508, 0, 0, 270],
		[403, "PAD182_9", 747.02, -180, "T", "SMD", "GND", "GND", "O", 22.598, 94.508, 0, 0, 270],
		[404, "PAD183_2", -562.36, 525, "T", "SMD", "BAT", "", "R", 59.842, 66.142, 0, 0, 180],
		[405, "PAD184_1", -407.64, 525, "T", "SMD", "VIN", "", "R", 59.842, 66.142, 0, 0, 180],
		[406, "PAD185_2", -412.44, 625, "T", "SMD", "VBUS", "", "R", 31.496, 35.433, 0, 0, 0],
		[407, "PAD186_1", -467.56, 625, "T", "SMD", "GND", "GND", "R", 31.496, 35.433, 0, 0, 0],
		[408, "PAD187_2", -65.34, 425, "T", "SMD", "PROG", "", "R", 31.751, 34.016, 0, 0, 0],
		[409, "PAD188_1", -124.66, 425, "T", "SMD", "GND", "GND", "R", 31.751, 34.016, 0, 0, 0],
		[410, "PAD189_1", 122.6, 364.58, "T", "SMD", "IO21", "", "R", 19.291, 45.551, 0, 0, 0],
		[411, "PAD190_2", 160, 364.58, "T", "SMD", "GND", "GND", "R", 19.291, 45.551, 0, 0, 0],
		[412, "PAD191_3", 197.4, 364.58, "T", "SMD", "BAT", "", "R", 19.291, 45.551, 0, 0, 0],
		[413, "PAD192_4", 197.4, 455.42, "T", "SMD", "VBUS", "", "R", 19.291, 46.26, 0, 0, 0],
		[414, "PAD193_5", 122.6, 455.42, "T", "SMD", "PROG", "", "R", 19.291, 46.26, 0, 0, 0],
		[415, "PAD194_2", 636.46, 235, "T", "SMD", "3.3V", "", "R", 31.106, 21.26, 0, 0, 0],
		[416, "PAD195_1", 593.54, 235, "T", "SMD", "GND", "GND", "R", 31.106, 21.26, 0, 0, 0],
		[417, "PAD196_2", 483.54, 235, "T", "SMD", "3.3V", "", "R", 31.106, 21.26, 0, 0, 180],
		[418, "PAD197_1", 526.46, 235, "T", "SMD", "GND", "GND", "R", 31.106, 21.26, 0, 0, 180],
		[419, "PAD198_1", -411.6565, -440.8006, "T", "SMD", "$1N12715", "", "R", 49.213, 27.559, 0, 0, 130],
		[420, "PAD199_2", -468.9566, -488.8811, "T", "SMD", "PGND", "", "R", 49.213, 27.559, 0, 0, 130],
		[421, "PAD200_3", -389.6935, -525.1592, "T", "SMD", "GND", "GND", "R", 49.213, 27.559, 0, 0, 130],
		[422, "PAD201_2", -537.04, -540, "T", "SMD", "$1N12715", "", "R", 22.27, 21.26, 0, 0, 180],
		[423, "PAD202_1", -502.96, -540, "T", "SMD", "IO6", "", "R", 22.27, 21.26, 0, 0, 180],
		[424, "PAD203_2", 180, 187.56, "T", "SMD", "BAT", "", "R", 31.496, 35.433, 0, 0, 90],
		[425, "PAD204_1", 180, 132.44, "T", "SMD", "GND", "GND", "R", 31.496, 35.433, 0, 0, 90],
		[426, "PAD205_2", 122.04, 115, "T", "SMD", "IO21", "", "R", 22.27, 21.26, 0, 0, 0],
		[427, "PAD206_1", 87.96, 115, "T", "SMD", "3.3V", "", "R", 22.27, 21.26, 0, 0, 0]
	]
}
}