{
"lengthUnit": "mil",
"remark": [],
"components": {
	"fields": ["COMPONENT_NO", "COMPONENT_NAME", "LAYER", "X_COORDINATE", "Y_COORDINATE", "ANGLE"],
	"rows": [
		[1, "BUZZER1", "B", -15, 635, 0],
		[2, "C4", "B", 535, -230, 180],
		[3, "C5", "B", 561.04, -280, 180],
		[4, "C6", "B", 540, -340, 180],
		[5, "C7", "B", 530, -395, 180],
		[6, "C8", "B", 530, -440, 180],
		[7, "D1", "B", -260, 590, 270],
		[8, "Q1", "B", 195, 500, 90],
		[9, "R1", "B", -420, 565, 180],
		[10, "R5", "B", -551.48, 520.018, 90],
		[11, "R6", "B", 460, 370, 180],
		[12, "R7", "B", 460, 420, 180],
		[13, "U1", "B", 87.5, -215, 270],
		[14, "PAD1", "T", -730, 230, 0],
		[15, "PAD1", "B", -730, 230, 0],
		[16, "PAD2", "T", -730, 130, 0],
		[17, "PAD2", "B", -730, 130, 0],
		[18, "PAD3", "T", -730, 30, 0],
		[19, "PAD3", "B", -730, 30, 0],
		[20, "PAD4", "T", -730, -70, 0],
		[21, "PAD4", "B", -730, -70, 0],
		[22, "PAD5", "T", -730, -170, 0],
		[23, "PAD5", "B", -730, -170, 0],
		[24, "PAD6", "T", -730, -270, 0],
		[25, "PAD6", "B", -730, -270, 0],
		[26, "PAD7", "T", -630, -170, 0],
		[27, "PAD7", "B", -630, -170, 0],
		[28, "PAD8", "T", -630, -70, 0],
		[29, "PAD8", "B", -630, -70, 0],
		[30, "PAD9", "T", -630, 30, 0],
		[31, "PAD9", "B", -630, 30, 0],
		[32, "PAD10", "T", -630, 130, 0],
		[33, "PAD10", "B", -630, 130, 0],
		[34, "PAD11", "T", 305, 300, 0],
		[35, "PAD11", "B", 305, 300, 0],
		[36, "PAD12", "T", 305, 400, 0],
		[37, "PAD12", "B", 305, 400, 0],
		[38, "PAD13", "T", 305, 500, 0],
		[39, "PAD13", "B", 305, 500, 0],
		[40, "PAD14", "T", 305, 600, 0],
		[41, "PAD14", "B", 305, 600, 0],
		[42, "PAD15", "T", 305, 700, 0],
		[43, "PAD15", "B", 305, 700, 0],
		[44, "PAD16", "T", 405, 600, 0],
		[45, "PAD16", "B", 405, 600, 0],
		[46, "PAD17", "T", 405, 500, 0],
		[47, "PAD17", "B", 405, 500, 0],
		[48, "PAD18", "T", -530, -70, 0],
		[49, "PAD18", "B", -530, -70, 0],
		[50, "PAD19", "T", 405, 300, 0],
		[51, "PAD19", "B", 405, 300, 0],
		[52, "PAD20", "T", -630, 230, 0],
		[53, "PAD20", "B", -630, 230, 0],
		[54, "PAD21", "B", 392.62, 22.7, 0],
		[55, "PAD22", "B", 392.62, -77.3, 0],
		[56, "PAD23", "B", 392.62, -177.3, 0],
		[57, "PAD24", "B", 392.62, -277.3, 0],
		[58, "PAD25", "B", 392.62, -377.3, 0],
		[59, "PAD26", "B", -217.62, 47.3, 0],
		[60, "PAD27", "B", 508.54, -395, 0],
		[61, "PAD28", "B", 551.46, -395, 0],
		[62, "PAD29", "B", 539.58, -280, 0],
		[63, "PAD30", "B", 582.5, -280, 0],
		[64, "PAD31", "B", 512.44, -340, 0],
		[65, "PAD32", "B", 567.56, -340, 0],
		[66, "PAD33", "B", 508.54, -440, 0],
		[67, "PAD34", "B", 551.46, -440, 0],
		[68, "PAD35", "T", -93.74, 635, 0],
		[69, "PAD35", "B", -93.74, 635, 0],
		[70, "PAD36", "T", 63.74, 635, 0],
		[71, "PAD36", "B", 63.74, 635, 0],
		[72, "PAD37", "B", -260.37, 495.355, 0],
		[73, "PAD38", "B", -259.63, 684.645, 0],
		[74, "PAD39", "B", 157.6, 539.37, 0],
		[75, "PAD40", "B", 232.4, 539.37, 0],
		[76, "PAD41", "B", 195, 460.63, 0],
		[77, "PAD42", "B", 513.54, -230, 0],
		[78, "PAD43", "B", 556.46, -230, 0],
		[79, "PAD44", "T", -420, 498.07, 0],
		[80, "PAD44", "B", -420, 498.07, 0],
		[81, "PAD45", "T", -420, 631.93, 0],
		[82, "PAD45", "B", -420, 631.93, 0],
		[83, "PAD46", "B", -551.48, 537.058, 0],
		[84, "PAD47", "B", -551.48, 502.978, 0],
		[85, "PAD48", "B", 442.96, 370, 0],
		[86, "PAD49", "B", 477.04, 370, 0],
		[87, "PAD50", "B", 442.96, 420, 0],
		[88, "PAD51", "B", 477.04, 420, 0]
	]
},
"pins": {
	"fields": ["PIN_NO", "PIN_NAME", "PIN_X", "PIN_Y", "LAYER", "PIN_TYPE", "NET_NAME", "NET_TYPE", "PAD_SHAPE", "PAD_SIZEX", "PAD_SIZEY", "HOLE_SIZE", "HOLE_LEN", "PAD_ANGLE"],
	"rows": [
		[1, "BUZZER1_1", -93.74, 635, "T", "DIP", "3.3V", "", "C", 70.866, 70.866, 39.37, 39.37, 0],
		[2, "BUZZER1_1", -93.74, 635, "B", "DIP", "3.3V", "", "C", 70.866, 70.866, 39.37, 39.37, 0],
		[3, "BUZZER1_2", 63.74, 635, "T", "DIP", "$1N970", "", "C", 70.866, 70.866, 39.37, 39.37, 0],
		[4, "BUZZER1_2", 63.74, 635, "B", "DIP", "$1N970", "", "C", 70.866, 70.866, 39.37, 39.37, 0],
		[5, "C4_1", 556.46, -230, "B", "SMD", "GND", "GND", "R", 31.106, 21.26, 0, 0, 180],
		[6, "C4_2", 513.54, -230, "B", "SMD", "3.3V", "", "R", 31.106, 21.26, 0, 0, 180],
		[7, "C5_1", 582.5, -280, "B", "SMD", "GND", "GND", "R", 31.106, 21.26, 0, 0, 180],
		[8, "C5_2", 539.58, -280, "B", "SMD", "3.3V", "", "R", 31.106, 21.26, 0, 0, 180],
		[9, "C6_1", 567.56, -340, "B", "SMD", "GND", "GND", "R", 31.496, 35.433, 0, 0, 180],
		[10, "C6_2", 512.44, -340, "B", "SMD", "3.3V", "", "R", 31.496, 35.433, 0, 0, 180],
		[11, "C7_1", 551.46, -395, "B", "SMD", "GND", "GND", "R", 31.106, 21.26, 0, 0, 180],
		[12, "C7_2", 508.54, -395, "B", "SMD", "BAT", "", "R", 31.106, 21.26, 0, 0, 180],
		[13, "C8_1", 551.46, -440, "B", "SMD", "GND", "GND", "R", 31.106, 21.26, 0, 0, 180],
		[14, "C8_2", 508.54, -440, "B", "SMD", "BAT", "", "R", 31.106, 21.26, 0, 0, 180],
		[15, "D1_1", -259.63, 684.645, "B", "SMD", "3.3V", "", "R", 80.566, 63.78, 0, 0, 270],
		[16, "D1_2", -260.37, 495.355, "B", "SMD", "$1N970", "", "R", 80.566, 63.78, 0, 0, 90],
		[17, "Q1_1", 157.6, 539.37, "B", "SMD", "$1N1589", "", "R", 49.213, 27.559, 0, 0, 90],
		[18, "Q1_2", 232.4, 539.37, "B", "SMD", "GND", "GND", "R", 49.213, 27.559, 0, 0, 90],
		[19, "Q1_3", 195, 460.63, "B", "SMD", "$1N970", "", "R", 49.213, 27.559, 0, 0, 90],
		[20, "R1_1", -420, 631.93, "T", "DIP", "3.3V", "", "C", 60, 60, 30, 30, 270],
		[21, "R1_1", -420, 631.93, "B", "DIP", "3.3V", "", "C", 60, 60, 30, 30, 270],
		[22, "R1_2", -420, 498.07, "T", "DIP", "IO4", "", "C", 60, 60, 30, 30, 270],
		[23, "R1_2", -420, 498.07, "B", "DIP", "IO4", "", "C", 60, 60, 30, 30, 270],
		[24, "R5_1", -551.48, 502.978, "B", "SMD", "IO4", "", "R", 22.27, 21.26, 0, 0, 90],
		[25, "R5_2", -551.48, 537.058, "B", "SMD", "GND", "GND", "R", 22.27, 21.26, 0, 0, 90],
		[26, "R6_1", 477.04, 370, "B", "SMD", "IO15", "", "R", 22.27, 21.26, 0, 0, 180],
		[27, "R6_2", 442.96, 370, "B", "SMD", "$1N1589", "", "R", 22.27, 21.26, 0, 0, 180],
		[28, "R7_1", 477.04, 420, "B", "SMD", "IO15", "", "R", 22.27, 21.26, 0, 0, 180],
		[29, "R7_2", 442.96, 420, "B", "SMD", "GND", "GND", "R", 22.27, 21.26, 0, 0, 180],
		[30, "U1_1", 392.62, 22.7, "B", "SMD", "IO17", "", "O", 39.37, 98.425, 0, 0, 270],
		[31, "U1_2", 392.62, -77.3, "B", "SMD", "IO16", "", "O", 39.37, 98.425, 0, 0, 270],
		[32, "U1_3", 392.62, -177.3, "B", "SMD", "GND", "GND", "O", 39.37, 98.425, 0, 0, 270],
		[33, "U1_4", 392.62, -277.3, "B", "SMD", "3.3V", "", "O", 39.37, 98.425, 0, 0, 270],
		[34, "U1_5", 392.62, -377.3, "B", "SMD", "BAT", "", "O", 39.37, 98.425, 0, 0, 270],
		[35, "U1_6", 392.62, -477.3, "B", "SMD", "NET_1", "", "O", 39.37, 98.425, 0, 0, 270],
		[36, "U1_7", -217.62, -477.3, "B", "SMD", "NET_2", "", "O", 39.37, 98.425, 0, 0, 270],
		[37, "U1_8", -217.62, -377.3, "B", "SMD", "NET_3", "", "O", 39.37, 98.425, 0, 0, 270],
		[38, "U1_9", -217.62, -277.3, "B", "SMD", "NET_4", "", "O", 39.37, 98.425, 0, 0, 270],
		[39, "U1_10", -217.62, -177.3, "B", "SMD", "NET_5", "", "O", 39.37, 98.425, 0, 0, 270],
		[40, "U1_11", -217.62, -77.3, "B", "SMD", "NET_6", "", "O", 39.37, 98.425, 0, 0, 270],
		[41, "U1_12", -217.62, 47.3, "B", "SMD", "GND", "GND", "R", 88.583, 98.425, 0, 0, 270],
		[42, "PAD1_1", -730, 230, "T", "DIP", "IO16", "", "C", 60, 60, 36, 36, 0],
		[43, "PAD1_1", -730, 230, "B", "DIP", "IO16", "", "C", 60, 60, 36, 36, 0],
		[44, "PAD2_2", -730, 130, "T", "DIP", "IO17", "", "C", 60, 60, 36, 36, 0],
		[45, "PAD2_2", -730, 130, "B", "DIP", "IO17", "", "C", 60, 60, 36, 36, 0],
		[46, "PAD3_3", -730, 30, "T", "DIP", "TP_RST", "", "C", 60, 60, 36, 36, 0],
		[47, "PAD3_3", -730, 30, "B", "DIP", "TP_RST", "", "C", 60, 60, 36, 36, 0],
		[48, "PAD4_4", -730, -70, "T", "DIP", "TP_INT", "", "C", 60, 60, 36, 36, 0],
		[49, "PAD4_4", -730, -70, "B", "DIP", "TP_INT", "", "C", 60, 60, 36, 36, 0],
		[50, "PAD5_5", -730, -170, "T", "DIP", "BAT", "", "C", 60, 60, 36, 36, 0],
		[51, "PAD5_5", -730, -170, "B", "DIP", "BAT", "", "C", 60, 60, 36, 36, 0],
		[52, "PAD6_6", -730, -270, "T", "DIP", "PGND", "", "C", 60, 60, 36, 36, 0],
		[53, "PAD6_6", -730, -270, "B", "DIP", "PGND", "", "C", 60, 60, 36, 36, 0],
		[54, "PAD7_10", -630, -170, "T", "DIP", "SCL", "", "C", 60, 60, 36, 36, 0],
		[55, "PAD7_10", -630, -170, "B", "DIP", "SCL", "", "C", 60, 60, 36, 36, 0],
		[56, "PAD8_9", -630, -70, "T", "DIP", "SDA", "", "C", 60, 60, 36, 36, 0],
		[57, "PAD8_9", -630, -70, "B", "DIP", "SDA", "", "C", 60, 60, 36, 36, 0],
		[58, "PAD9_8", -630, 30, "T", "DIP", "L_RST", "", "C", 60, 60, 36, 36, 0],
		[59, "PAD9_8", -630, 30, "B", "DIP", "L_RST", "", "C", 60, 60, 36, 36, 0],
		[60, "PAD10_7", -630, 130, "T", "DIP", "BLA", "", "C", 60, 60, 36, 36, 0],
		[61, "PAD10_7", -630, 130, "B", "DIP", "BLA", "", "C", 60, 60, 36, 36, 0],
		[62, "PAD11_5", 305, 300, "T", "DIP", "DC", "", "C", 60, 60, 36, 36, 0],
		[63, "PAD11_5", 305, 300, "B", "DIP", "DC", "", "C", 60, 60, 36, 36, 0],
		[64, "PAD12_4", 305, 400, "T", "DIP", "CSO", "", "C", 60, 60, 36, 36, 0],
		[65, "PAD12_4", 305, 400, "B", "DIP", "CSO", "", "C", 60, 60, 36, 36, 0],
		[66, "PAD13_3", 305, 500, "T", "DIP", "SCK", "", "C", 60, 60, 36, 36, 0],
		[67, "PAD13_3", 305, 500, "B", "DIP", "SCK", "", "C", 60, 60, 36, 36, 0],
		[68, "PAD14_2", 305, 600, "T", "DIP", "MOSI", "", "C", 60, 60, 36, 36, 0],
		[69, "PAD14_2", 305, 600, "B", "DIP", "MOSI", "", "C", 60, 60, 36, 36, 0],
		[70, "PAD15_1", 305, 700, "T", "DIP", "MISO", "", "C", 60, 60, 36, 36, 0],
		[71, "PAD15_1", 305, 700, "B", "DIP", "MISO", "", "C", 60, 60, 36, 36, 0],
		[72, "PAD16_6", 405, 600, "T", "DIP", "3.3V", "", "C", 60, 60, 36, 36, 0],
		[73, "PAD16_6", 405, 600, "B", "DIP", "3.3V", "", "C", 60, 60, 36, 36, 0],
		[74, "PAD17_8", 405, 500, "T", "DIP", "GND", "GND", "C", 60, 60, 36, 36, 0],
		[75, "PAD17_8", 405, 500, "B", "DIP", "GND", "GND", "C", 60, 60, 36, 36, 0],
		[76, "PAD18_9", -530, -70, "T", "DIP", "IO35", "", "C", 60, 60, 36, 36, 0],
		[77, "PAD18_9", -530, -70, "B", "DIP", "IO35", "", "C", 60, 60, 36, 36, 0],
		[78, "PAD19_5", 405, 300, "T", "DIP", "IO15", "", "C", 60, 60, 36, 36, 0],
		[79, "PAD19_5", 405, 300, "B", "DIP", "IO15", "", "C", 60, 60, 36, 36, 0],
		[80, "PAD20_7", -630, 230, "T", "DIP", "IO4", "", "C", 60, 60, 36, 36, 0],
		[81, "PAD20_7", -630, 230, "B", "DIP", "IO4", "", "C", 60, 60, 36, 36, 0],
		[82, "PAD21_1", 392.62, 22.7, "B", "SMD", "IO17", "", "O", 39.37, 98.425, 0, 0, 270],
		[83, "PAD22_2", 392.62, -77.3, "B", "SMD", "IO16", "", "O", 39.37, 98.425, 0, 0, 270],
		[84, "PAD23_3", 392.62, -177.3, "B", "SMD", "GND", "GND", "O", 39.37, 98.425, 0, 0, 270],
		[85, "PAD24_4", 392.62, -277.3, "B", "SMD", "3.3V", "", "O", 39.37, 98.425, 0, 0, 270],
		[86, "PAD25_5", 392.62, -377.3, "B", "SMD", "BAT", "", "O", 39.37, 98.425, 0, 0, 270],
		[87, "PAD26_12", -217.62, 47.3, "B", "SMD", "GND", "GND", "R", 88.583, 98.425, 0, 0, 270],
		[88, "PAD27_2", 508.54, -395, "B", "SMD", "BAT", "", "R", 31.106, 21.26, 0, 0, 180],
		[89, "PAD28_1", 551.46, -395, "B", "SMD", "GND", "GND", "R", 31.106, 21.26, 0, 0, 180],
		[90, "PAD29_2", 539.58, -280, "B", "SMD", "3.3V", "", "R", 31.106, 21.26, 0, 0, 180],
		[91, "PAD30_1", 582.5, -280, "B", "SMD", "GND", "GND", "R", 31.106, 21.26, 0, 0, 180],
		[92, "PAD31_2", 512.44, -340, "B", "SMD", "3.3V", "", "R", 31.496, 35.433, 0, 0, 180],
		[93, "PAD32_1", 567.56, -340, "B", "SMD", "GND", "GND", "R", 31.496, 35.433, 0, 0, 180],
		[94, "PAD33_2", 508.54, -440, "B", "SMD", "BAT", "", "R", 31.106, 21.26, 0, 0, 180],
		[95, "PAD34_1", 551.46, -440, "B", "SMD", "GND", "GND", "R", 31.106, 21.26, 0, 0, 180],
		[96, "PAD35_1", -93.74, 635, "T", "DIP", "3.3V", "", "C", 70.866, 70.866, 39.37, 39.37, 0],
		[97, "PAD35_1", -93.74, 635, "B", "DIP", "3.3V", "", "C", 70.866, 70.866, 39.37, 39.37, 0],
		[98, "PAD36_2", 63.74, 635, "T", "DIP", "$1N970", "", "C", 70.866, 70.866, 39.37, 39.37, 0],
		[99, "PAD36_2", 63.74, 635, "B", "DIP", "$1N970", "", "C", 70.866, 70.866, 39.37, 39.37, 0],
		[100, "PAD37_2", -260.37, 495.355, "B", "SMD", "$1N970", "", "R", 80.566, 63.78, 0, 0, 90],
		[101, "PAD38_1", -259.63, 684.645, "B", "SMD", "3.3V", "", "R", 80.566, 63.78, 0, 0, 270],
		[102, "PAD39_1", 157.6, 539.37, "B", "SMD", "$1N1589", "", "R", 49.213, 27.559, 0, 0, 90],
		[103, "PAD40_2", 232.4, 539.37, "B", "SMD", "GND", "GND", "R", 49.213, 27.559, 0, 0, 90],
		[104, "PAD41_3", 195, 460.63, "B", "SMD", "$1N970", "", "R", 49.213, 27.559, 0, 0, 90],
		[105, "PAD42_2", 513.54, -230, "B", "SMD", "3.3V", "", "R", 31.106, 21.26, 0, 0, 180],
		[106, "PAD43_1", 556.46, -230, "B", "SMD", "GND", "GND", "R", 31.106, 21.26, 0, 0, 180],
		[107, "PAD44_2", -420, 498.07, "T", "DIP", "IO4", "", "C", 60, 60, 30, 30, 270],
		[108, "PAD44_2", -420, 498.07, "B", "DIP", "IO4", "", "C", 60, 60, 30, 30, 270],
		[109, "PAD45_1", -420, 631.93, "T", "DIP", "3.3V", "", "C", 60, 60, 30, 30, 270],
		[110, "PAD45_1", -420, 631.93, "B", "DIP", "3.3V", "", "C", 60, 60, 30, 30, 270],
		[111, "PAD46_2", -551.48, 537.058, "B", "SMD", "GND", "GND", "R", 22.27, 21.26, 0, 0, 90],
		[112, "PAD47_1", -551.48, 502.978, "B", "SMD", "IO4", "", "R", 22.27, 21.26, 0, 0, 90],
		[113, "PAD48_2", 442.96, 370, "B", "SMD", "$1N1589", "", "R", 22.27, 21.26, 0, 0, 180],
		[114, "PAD49_1", 477.04, 370, "B", "SMD", "IO15", "", "R", 22.27, 21.26, 0, 0, 180],
		[115, "PAD50_2", 442.96, 420, "B", "SMD", "GND", "GND", "R", 22.27, 21.26, 0, 0, 180],
		[116, "PAD51_1", 477.04, 420, "B", "SMD", "IO15", "", "R", 22.27, 21.26, 0, 0, 180]
	]
}
}