{
"lengthUnit": "mil",
"remark": [],
"components": {
	"fields": ["COMPONENT_NO", "COMPONENT_NAME", "LAYER", "X_COORDINATE", "Y_COORDINATE", "ANGLE"],
	"rows": [
		[1, "C1", "T", 135, -50, 0],
		[2, "C2", "T", 105, 30, 270],
		[3, "C3", "T", -370, 80, 270],
		[4, "C4", "T", 20, 150, 270],
		[5, "C5", "T", 65, 150, 270],
		[6, "C6", "T", 150, 155, 180],
		[7, "C7", "T", -40, 275, 270],
		[8, "C8", "T", 20, 280, 270],
		[9, "C9", "T", 325, 105.3445, 0],
		[10, "C10", "T", 325, 155, 0],
		[11, "C11", "T", 75, 725, 0],
		[12, "CARD1", "B", -80, 280, 0],
		[13, "Q1", "T", -85, 150, 180],
		[14, "Q2", "T", -235, 160, 180],
		[15, "Q3", "T", 720, -165, 0],
		[16, "R9", "T", 160, 30, 90],
		[17, "R10", "T", 330, -5, 0],
		[18, "R11", "T", 325, 51.0335, 0],
		[19, "R12", "T", 325, -60, 0],
		[20, "R13", "T", -190, 590, 135],
		[21, "R14", "T", 195, 535, 180],
		[22, "R15", "T", 200, 480, 180],
		[23, "R16", "T", 580, -160, 90],
		[24, "RN1", "T", -155, 30, 270],
		[25, "SW1", "B", 750, 50, 270],
		[26, "U1", "T", 0, 0, 0],
		[27, "U2", "T", -325, -10, 270],
		[28, "U3", "T", 465, 60, 0],
		[29, "U4", "T", 105, 625, 90],
		[30, "PAD1", "T", -730, 230, 0],
		[31, "PAD1", "B", -730, 230, 0],
		[32, "PAD2", "T", -730, 130, 0],
		[33, "PAD2", "B", -730, 130, 0],
		[34, "PAD3", "T", -730, 30, 0],
		[35, "PAD3", "B", -730, 30, 0],
		[36, "PAD4", "T", -730, -70, 0],
		[37, "PAD4", "B", -730, -70, 0],
		[38, "PAD5", "T", -730, -170, 0],
		[39, "PAD5", "B", -730, -170, 0],
		[40, "PAD6", "T", -730, -270, 0],
		[41, "PAD6", "B", -730, -270, 0],
		[42, "PAD7", "T", -630, -170, 0],
		[43, "PAD7", "B", -630, -170, 0],
		[44, "PAD8", "T", -630, -70, 0],
		[45, "PAD8", "B", -630, -70, 0],
		[46, "PAD9", "T", -630, 30, 0],
		[47, "PAD9", "B", -630, 30, 0],
		[48, "PAD10", "T", -630, 130, 0],
		[49, "PAD10", "B", -630, 130, 0],
		[50, "PAD11", "T", 305, 300, 0],
		[51, "PAD11", "B", 305, 300, 0],
		[52, "PAD12", "T", 305, 400, 0],
		[53, "PAD12", "B", 305, 400, 0],
		[54, "PAD13", "T", 305, 500, 0],
		[55, "PAD13", "B", 305, 500, 0],
		[56, "PAD14", "T", 305, 600, 0],
		[57, "PAD14", "B", 305, 600, 0],
		[58, "PAD15", "T", 305, 700, 0],
		[59, "PAD15", "B", 305, 700, 0],
		[60, "PAD16", "T", 405, 600, 0],
		[61, "PAD16", "B", 405, 600, 0],
		[62, "PAD17", "T", 405, 500, 0],
		[63, "PAD17", "B", 405, 500, 0],
		[64, "PAD18", "T", -530, -70, 0],
		[65, "PAD18", "B", -530, -70, 0],
		[66, "PAD19", "T", -630, -270, 0],
		[67, "PAD19", "B", -630, -270, 0],
		[68, "PAD20", "T", -530, -170, 0],
		[69, "PAD20", "B", -530, -170, 0],
		[70, "PAD21", "T", 505, 500, 0],
		[71, "PAD21", "B", 505, 500, 0],
		[72, "PAD22", "T", 635, -252.5, 0],
		[73, "PAD22", "B", 635, -252.5, 0],
		[74, "PAD23", "T", 730, -275, 0],
		[75, "PAD23", "B", 730, -275, 0],
		[76, "PAD24", "T", 655, -357.5, 0],
		[77, "PAD24", "B", 655, -357.5, 0],
		[78, "PAD25", "T", 615, -462.5, 0],
		[79, "PAD25", "B", 615, -462.5, 0],
		[80, "PAD26", "T", 530, -517.5, 0],
		[81, "PAD26", "B", 530, -517.5, 0],
		[82, "PAD27", "T", -680, -355, 0],
		[83, "PAD27", "B", -680, -355, 0],
		[84, "PAD28", "T", 56.2, -23.62, 0],
		[85, "PAD29", "T", 56.2, -7.87, 0],
		[86, "PAD30", "T", 56.2, 7.87, 0],
		[87, "PAD31", "T", 56.2, 23.62, 0],
		[88, "PAD32", "T", -39.37, 56.2, 0],
		[89, "PAD33", "T", -56.2, 23.62, 0],
		[90, "PAD34", "T", -56.2, 7.87, 0],
		[91, "PAD35", "T", -56.2, -23.62, 0],
		[92, "PAD36", "T", 0, 0, 0],
		[93, "PAD37", "T", -56.2, -39.37, 0],
		[94, "PAD38", "T", 56.2, -39.37, 0],
		[95, "PAD39", "T", 56.2, 39.37, 0],
		[96, "PAD40", "T", 39.37, 56.2, 0],
		[97, "PAD41", "T", 156.46, -50, 0],
		[98, "PAD42", "T", 113.54, -50, 0],
		[99, "PAD43", "T", 105, 8.54, 0],
		[100, "PAD44", "T", 105, 51.46, 0],
		[101, "PAD45", "T", 65, 128.54, 0],
		[102, "PAD46", "T", 65, 171.46, 0],
		[103, "PAD47", "T", 122.44, 155, 0],
		[104, "PAD48", "T", 177.56, 155, 0],
		[105, "PAD49", "T", -133.625, 187.4, 0],
		[106, "PAD50", "T", -133.625, 112.6, 0],
		[107, "PAD51", "T", -36.375, 150, 0],
		[108, "PAD52", "T", -283.625, 197.4, 0],
		[109, "PAD53", "T", -283.625, 122.6, 0],
		[110, "PAD54", "T", -186.375, 160, 0],
		[111, "PAD55", "T", 160, 59.66, 0],
		[112, "PAD56", "T", 160, 0.34, 0],
		[113, "PAD57", "T", -138.17, 59.53, 0],
		[114, "PAD58", "T", -138.17, 39.84, 0],
		[115, "PAD59", "T", -138.17, 20.16, 0],
		[116, "PAD60", "T", -138.17, 0.47, 0],
		[117, "PAD61", "T", -171.83, 59.53, 0],
		[118, "PAD62", "T", -171.83, 39.84, 0],
		[119, "PAD63", "T", -171.83, 20.16, 0],
		[120, "PAD64", "T", -171.83, 0.47, 0],
		[121, "PAD65", "T", -362.4, -49.37, 0],
		[122, "PAD66", "T", -287.6, -49.37, 0],
		[123, "PAD67", "T", -325, 29.37, 0],
		[124, "PAD68", "T", -40, 253.54, 0],
		[125, "PAD69", "T", -40, 296.46, 0],
		[126, "PAD70", "T", 20, 252.44, 0],
		[127, "PAD71", "T", 20, 307.56, 0],
		[128, "PAD72", "B", -35.12, 72.28, 0],
		[129, "PAD73", "B", -78.429, 72.28, 0],
		[130, "PAD74", "B", -121.738, 72.28, 0],
		[131, "PAD75", "B", -165.038, 72.28, 0],
		[132, "PAD76", "B", -208.347, 72.28, 0],
		[133, "PAD77", "B", -251.656, 72.28, 0],
		[134, "PAD78", "B", -338.267, 72.296, 0],
		[135, "PAD79", "B", -385.511, 105.76, 0],
		[136, "PAD80", "B", 192.441, 105.76, 0],
		[137, "PAD81", "B", 225.51, 487.72, 0],
		[138, "PAD82", "B", -385.511, 487.72, 0],
		[139, "PAD83", "T", 346.46, 155, 0],
		[140, "PAD84", "T", 303.54, 155, 0],
		[141, "PAD85", "T", 359.66, -5, 0],
		[142, "PAD86", "T", 300.34, -5, 0],
		[143, "PAD87", "T", 342.04, 51.0335, 0],
		[144, "PAD88", "T", 307.96, 51.0335, 0],
		[145, "PAD89", "T", 342.04, -60, 0],
		[146, "PAD90", "T", 307.96, -60, 0],
		[147, "PAD91", "T", 414.36, 24.565, 0],
		[148, "PAD92", "T", 446.72, 24.565, 0],
		[149, "PAD93", "T", 446.72, 95.435, 0],
		[150, "PAD94", "T", 414.36, 95.435, 0],
		[151, "PAD95", "T", 414.36, 59.995, 0],
		[152, "PAD96", "T", 477.95, 79.885, 0],
		[153, "PAD97", "T", 475.87, 42.195, 0],
		[154, "PAD98", "T", 513.56, 40.115, 0],
		[155, "PAD99", "T", 515.64, 77.805, 0],
		[156, "PAD100", "T", -370, 58.54, 0],
		[157, "PAD101", "T", -370, 101.46, 0],
		[158, "PAD102", "T", 20, 128.54, 0],
		[159, "PAD103", "T", 20, 171.46, 0],
		[160, "PAD104", "T", 346.46, 105.3445, 0],
		[161, "PAD105", "T", 303.54, 105.3445, 0],
		[162, "PAD106", "T", 96.46, 725, 0],
		[163, "PAD107", "T", 53.54, 725, 0],
		[164, "PAD108", "T", -104.6381, 504.6381, 0],
		[165, "PAD109", "T", -275.3619, 675.3619, 0],
		[166, "PAD110", "T", 188.07, 585.63, 0],
		[167, "PAD111", "T", 188.07, 605.32, 0],
		[168, "PAD112", "T", 188.07, 644.69, 0],
		[169, "PAD113", "T", 188.07, 664.37, 0],
		[170, "PAD114", "T", 21.93, 585.63, 0],
		[171, "PAD115", "T", 21.93, 605.32, 0],
		[172, "PAD116", "T", 21.93, 625, 0],
		[173, "PAD117", "T", 21.93, 644.69, 0],
		[174, "PAD118", "T", 21.93, 664.37, 0],
		[175, "PAD119", "T", 177.96, 535, 0],
		[176, "PAD120", "T", 212.04, 535, 0],
		[177, "PAD121", "T", 182.96, 480, 0],
		[178, "PAD122", "T", 217.04, 480, 0],
		[179, "PAD123", "T", 580, -142.96, 0],
		[180, "PAD124", "T", 580, -177.04, 0],
		[181, "PAD125", "T", 763.36, -202.4, 0],
		[182, "PAD126", "T", 763.36, -127.6, 0],
		[183, "PAD127", "T", 676.64, -165, 0],
		[184, "PAD128", "T", 750, 150, 0],
		[185, "PAD128", "B", 750, 150, 0],
		[186, "PAD129", "T", 750, -50, 0],
		[187, "PAD129", "B", 750, -50, 0]
	]
},
"pins": {
	"fields": ["PIN_NO", "PIN_NAME", "PIN_X", "PIN_Y", "LAYER", "PIN_TYPE", "NET_NAME", "NET_TYPE", "PAD_SHAPE", "PAD_SIZEX", "PAD_SIZEY", "HOLE_SIZE", "HOLE_LEN", "PAD_ANGLE"],
	"rows": [
		[1, "C1_1", 113.54, -50, "T", "SMD", "1.8V", "", "R", 31.106, 21.26, 0, 0, 0],
		[2, "C1_2", 156.46, -50, "T", "SMD", "GND", "GND", "R", 31.106, 21.26, 0, 0, 0],
		[3, "C2_1", 105, 51.46, "T", "SMD", "GND", "GND", "R", 31.106, 21.26, 0, 0, 270],
		[4, "C2_2", 105, 8.54, "T", "SMD", "$1N443", "", "R", 31.106, 21.26, 0, 0, 270],
		[5, "C3_1", -370, 101.46, "T", "SMD", "GND", "GND", "R", 31.106, 21.26, 0, 0, 270],
		[6, "C3_2", -370, 58.54, "T", "SMD", "3.3V", "", "R", 31.106, 21.26, 0, 0, 270],
		[7, "C4_1", 20, 171.46, "T", "SMD", "GND", "GND", "R", 31.106, 21.26, 0, 0, 270],
		[8, "C4_2", 20, 128.54, "T", "SMD", "1.8V", "", "R", 31.106, 21.26, 0, 0, 270],
		[9, "C5_1", 65, 171.46, "T", "SMD", "GND", "GND", "R", 31.106, 21.26, 0, 0, 270],
		[10, "C5_2", 65, 128.54, "T", "SMD", "1.8V", "", "R", 31.106, 21.26, 0, 0, 270],
		[11, "C6_1", 177.56, 155, "T", "SMD", "GND", "GND", "R", 31.496, 35.433, 0, 0, 180],
		[12, "C6_2", 122.44, 155, "T", "SMD", "1.8V", "", "R", 31.496, 35.433, 0, 0, 180],
		[13, "C7_1", -40, 296.46, "T", "SMD", "GND", "GND", "R", 31.106, 21.26, 0, 0, 270],
		[14, "C7_2", -40, 253.54, "T", "SMD", "3.3V", "", "R", 31.106, 21.26, 0, 0, 270],
		[15, "C8_1", 20, 307.56, "T", "SMD", "GND", "GND", "R", 31.496, 35.433, 0, 0, 270],
		[16, "C8_2", 20, 252.44, "T", "SMD", "3.3V", "", "R", 31.496, 35.433, 0, 0, 270],
		[17, "C9_1", 303.54, 105.3445, "T", "SMD", "GND", "GND", "R", 31.106, 21.26, 0, 0, 0],
		[18, "C9_2", 346.46, 105.3445, "T", "SMD", "3.3V", "", "R", 31.106, 21.26, 0, 0, 0],
		[19, "C10_1", 303.54, 155, "T", "SMD", "GND", "GND", "R", 31.106, 21.26, 0, 0, 0],
		[20, "C10_2", 346.46, 155, "T", "SMD", "3.3V", "", "R", 31.106, 21.26, 0, 0, 0],
		[21, "C11_1", 53.54, 725, "T", "SMD", "3.3V", "", "R", 31.106, 21.26, 0, 0, 0],
		[22, "C11_2", 96.46, 725, "T", "SMD", "GND", "GND", "R", 31.106, 21.26, 0, 0, 0],
		[23, "CARD1_1", 8.189, 72.28, "B", "SMD", "NET_1", "", "R", 23.622, 51.181, 0, 0, 0],
		[24, "CARD1_2", -35.12, 72.28, "B", "SMD", "CS2", "", "R", 23.622, 51.181, 0, 0, 0],
		[25, "CARD1_3", -78.429, 72.28, "B", "SMD", "MOSI", "", "R", 23.622, 51.181, 0, 0, 0],
		[26, "CARD1_4", -121.738, 72.28, "B", "SMD", "3.3V", "", "R", 23.622, 51.181, 0, 0, 0],
		[27, "CARD1_5", -165.038, 72.28, "B", "SMD", "SCK", "", "R", 23.622, 51.181, 0, 0, 0],
		[28, "CARD1_6", -208.347, 72.28, "B", "SMD", "GND", "GND", "R", 23.622, 51.181, 0, 0, 0],
		[29, "CARD1_7", -251.656, 72.28, "B", "SMD", "MISO", "", "R", 23.622, 51.181, 0, 0, 0],
		[30, "CARD1_8", -294.956, 72.28, "B", "SMD", "NET_2", "", "R", 23.622, 51.181, 0, 0, 0],
		[31, "CARD1_9", -338.267, 72.296, "B", "SMD", "CD", "", "R", 23.622, 51.181, 0, 0, 0],
		[32, "CARD1_10", -385.511, 105.76, "B", "SMD", "GND", "GND", "R", 47.244, 55.118, 0, 0, 0],
		[33, "CARD1_11", -385.511, 487.72, "B", "SMD", "GND", "GND", "R", 47.244, 78.74, 0, 0, 0],
		[34, "CARD1_12", 225.51, 487.72, "B", "SMD", "GND", "GND", "R", 47.244, 78.74, 0, 0, 0],
		[35, "CARD1_13", 192.441, 105.76, "B", "SMD", "GND", "GND", "R", 47.244, 55.118, 0, 0, 0],
		[36, "Q1_1", -133.625, 187.4, "T", "SMD", "1.8V", "", "R", 42.126, 23.622, 0, 0, 180],
		[37, "Q1_2", -133.625, 112.6, "T", "SMD", "SCL", "", "R", 42.126, 23.622, 0, 0, 180],
		[38, "Q1_3", -36.375, 150, "T", "SMD", "SCL_1.8V", "", "R", 42.126, 23.622, 0, 0, 180],
		[39, "Q2_1", -283.625, 197.4, "T", "SMD", "1.8V", "", "R", 42.126, 23.622, 0, 0, 180],
		[40, "Q2_2", -283.625, 122.6, "T", "SMD", "SDA", "", "R", 42.126, 23.622, 0, 0, 180],
		[41, "Q2_3", -186.375, 160, "T", "SMD", "SDA_1.8V", "", "R", 42.126, 23.622, 0, 0, 180],
		[42, "Q3_1", 763.36, -202.4, "T", "SMD", "$1N6080", "", "R", 40.846, 20.945, 0, 0, 0],
		[43, "Q3_2", 763.36, -127.6, "T", "SMD", "M_3.3V", "", "R", 40.846, 20.945, 0, 0, 0],
		[44, "Q3_3", 676.64, -165, "T", "SMD", "3.3V", "", "R", 40.846, 20.945, 0, 0, 0],
		[45, "R9_1", 160, 0.34, "T", "SMD", "ADR_1.8V", "", "R", 31.751, 34.016, 0, 0, 90],
		[46, "R9_2", 160, 59.66, "T", "SMD", "1.8V", "", "R", 31.751, 34.016, 0, 0, 90],
		[47, "R10_1", 300.34, -5, "T", "SMD", "$1N2802", "", "R", 31.751, 34.016, 0, 0, 0],
		[48, "R10_2", 359.66, -5, "T", "SMD", "DATA", "", "R", 31.751, 34.016, 0, 0, 0],
		[49, "R11_1", 307.96, 51.0335, "T", "SMD", "GND", "GND", "R", 22.27, 21.26, 0, 0, 0],
		[50, "R11_2", 342.04, 51.0335, "T", "SMD", "$1N2802", "", "R", 22.27, 21.26, 0, 0, 0],
		[51, "R12_1", 307.96, -60, "T", "SMD", "GND", "GND", "R", 22.27, 21.26, 0, 0, 0],
		[52, "R12_2", 342.04, -60, "T", "SMD", "SELECT", "", "R", 22.27, 21.26, 0, 0, 0],
		[53, "R13_1", -104.6381, 504.6381, "T", "SMD", "VBATIN", "", "R", 78.74, 129.921, 0, 0, 135],
		[54, "R13_2", -275.3619, 675.3619, "T", "SMD", "VBAT", "", "R", 78.74, 129.921, 0, 0, 135],
		[55, "R14_1", 212.04, 535, "T", "SMD", "$1N4154", "", "R", 22.27, 21.26, 0, 0, 180],
		[56, "R14_2", 177.96, 535, "T", "SMD", "GND", "GND", "R", 22.27, 21.26, 0, 0, 180],
		[57, "R15_1", 217.04, 480, "T", "SMD", "$1N4205", "", "R", 22.27, 21.26, 0, 0, 180],
		[58, "R15_2", 182.96, 480, "T", "SMD", "GND", "GND", "R", 22.27, 21.26, 0, 0, 180],
		[59, "R16_1", 580, -177.04, "T", "SMD", "IO40", "", "R", 22.27, 21.26, 0, 0, 90],
		[60, "R16_2", 580, -142.96, "T", "SMD", "$1N6080", "", "R", 22.27, 21.26, 0, 0, 90],
		[61, "RN1_1", -138.17, 59.53, "T", "SMD", "SCL", "", "R", 11.811, 19.882, 0, 0, 90],
		[62, "RN1_2", -138.17, 39.84, "T", "SMD", "SDA", "", "R", 11.811, 19.882, 0, 0, 90],
		[63, "RN1_3", -138.17, 20.16, "T", "SMD", "SCL_1.8V", "", "R", 11.811, 19.882, 0, 0, 90],
		[64, "RN1_4", -138.17, 0.47, "T", "SMD", "SDA_1.8V", "", "R", 11.811, 19.882, 0, 0, 90],
		[65, "RN1_5", -171.83, 0.47, "T", "SMD", "1.8V", "", "R", 11.811, 19.882, 0, 0, 90],
		[66, "RN1_6", -171.83, 20.16, "T", "SMD", "1.8V", "", "R", 11.811, 19.882, 0, 0, 90],
		[67, "RN1_7", -171.83, 39.84, "T", "SMD", "3.3V", "", "R", 11.811, 19.882, 0, 0, 90],
		[68, "RN1_8", -171.83, 59.53, "T", "SMD", "3.3V", "", "R", 11.811, 19.882, 0, 0, 90],
		[69, "SW1_1", 750, 150, "T", "DIP", "IO39", "", "C", 70.866, 70.866, 47.244, 47.244, 270],
		[70, "SW1_1", 750, 150, "B", "DIP", "IO39", "", "C", 70.866, 70.866, 47.244, 47.244, 270],
		[71, "SW1_2", 750, -50, "T", "DIP", "GND", "GND", "C", 70.866, 70.866, 47.244, 47.244, 270],
		[72, "SW1_2", 750, -50, "B", "DIP", "GND", "GND", "C", 70.866, 70.866, 47.244, 47.244, 270],
		[73, "U1_1", -39.36, -56.2, "T", "SMD", "NET_3", "", "P", 7.873, 19.906, 0, 0, 0],
		[74, "U1_2", -23.62, -56.2, "T", "SMD", "NET_4", "", "R", 7.874, 19.882, 0, 0, 0],
		[75, "U1_3", -7.87, -56.2, "T", "SMD", "NET_5", "", "R", 7.874, 19.882, 0, 0, 0],
		[76, "U1_4", 7.87, -56.2, "T", "SMD", "NET_6", "", "R", 7.874, 19.882, 0, 0, 0],
		[77, "U1_5", 23.62, -56.2, "T", "SMD", "NET_7", "", "R", 7.874, 19.882, 0, 0, 0],
		[78, "U1_6", 39.37, -56.2, "T", "SMD", "NET_8", "", "P", 7.874, 19.901, 0, 0, 0],
		[79, "U1_7", 56.2, -39.37, "T", "SMD", "AUX_SCL", "", "P", 19.901, 7.873, 0, 0, 0],
		[80, "U1_8", 56.2, -23.62, "T", "SMD", "1.8V", "", "R", 19.882, 7.874, 0, 0, 0],
		[81, "U1_9", 56.2, -7.87, "T", "SMD", "ADR_1.8V", "", "R", 19.882, 7.874, 0, 0, 0],
		[82, "U1_10", 56.2, 7.87, "T", "SMD", "$1N443", "", "R", 19.882, 7.874, 0, 0, 0],
		[83, "U1_11", 56.2, 23.62, "T", "SMD", "FSYNC", "", "R", 19.882, 7.874, 0, 0, 0],
		[84, "U1_12", 56.2, 39.37, "T", "SMD", "INT_1.8V", "", "P", 19.903, 7.871, 0, 0, 0],
		[85, "U1_13", 39.37, 56.2, "T", "SMD", "1.8V", "", "P", 7.874, 19.904, 0, 0, 0],
		[86, "U1_14", 23.62, 56.2, "T", "SMD", "NET_9", "", "R", 7.874, 19.882, 0, 0, 0],
		[87, "U1_15", 7.87, 56.2, "T", "SMD", "NET_10", "", "R", 7.874, 19.882, 0, 0, 0],
		[88, "U1_16", -7.87, 56.2, "T", "SMD", "NET_11", "", "R", 7.874, 19.882, 0, 0, 0],
		[89, "U1_17", -23.62, 56.2, "T", "SMD", "NET_12", "", "R", 7.874, 19.882, 0, 0, 0],
		[90, "U1_18", -39.37, 56.2, "T", "SMD", "GND", "GND", "P", 7.874, 19.902, 0, 0, 0],
		[91, "U1_19", -56.2, 39.37, "T", "SMD", "NET_13", "", "P", 19.902, 7.874, 0, 0, 0],
		[92, "U1_20", -56.2, 23.62, "T", "SMD", "GND", "GND", "R", 19.882, 7.874, 0, 0, 0],
		[93, "U1_21", -56.2, 7.87, "T", "SMD", "AUX_SDA", "", "R", 19.882, 7.874, 0, 0, 0],
		[94, "U1_22", -56.2, -7.87, "T", "SMD", "NET_14", "", "R", 19.882, 7.874, 0, 0, 0],
		[95, "U1_23", -56.2, -23.62, "T", "SMD", "SCL_1.8V", "", "R", 19.882, 7.874, 0, 0, 0],
		[96, "U1_24", -56.2, -39.37, "T", "SMD", "SDA_1.8V", "", "P", 19.902, 7.871, 0, 0, 0],
		[97, "U1_25", 0, 0, "T", "SMD", "GND", "GND", "R", 66.929, 66.929, 0, 0, 0],
		[98, "U2_1", -362.4, -49.37, "T", "SMD", "GND", "GND", "R", 49.213, 27.559, 0, 0, 270],
		[99, "U2_2", -287.6, -49.37, "T", "SMD", "1.8V", "", "R", 49.213, 27.559, 0, 0, 270],
		[100, "U2_3", -325, 29.37, "T", "SMD", "3.3V", "", "R", 49.213, 27.559, 0, 0, 270],
		[101, "U3_1", 414.36, 24.565, "T", "SMD", "WS", "", "R", 23.622, 20.472, 0, 0, 90],
		[102, "U3_2", 446.72, 24.565, "T", "SMD", "SELECT", "", "R", 23.622, 20.472, 0, 0, 90],
		[103, "U3_3", 477.95, 79.885, "T", "SMD", "GND", "GND", "P", 27.917, 27.923, 0, 0, 0],
		[104, "U3_3", 475.87, 42.195, "T", "SMD", "GND", "GND", "P", 27.925, 27.917, 0, 0, 0],
		[105, "U3_3", 513.56, 40.115, "T", "SMD", "GND", "GND", "P", 27.917, 27.924, 0, 0, 0],
		[106, "U3_3", 515.64, 77.805, "T", "SMD", "GND", "GND", "P", 27.924, 27.916, 0, 0, 0],
		[107, "U3_4", 446.72, 95.435, "T", "SMD", "BCLK", "", "R", 23.622, 20.472, 0, 0, 90],
		[108, "U3_5", 414.36, 95.435, "T", "SMD", "3.3V", "", "R", 23.622, 20.472, 0, 0, 90],
		[109, "U3_6", 414.36, 59.995, "T", "SMD", "$1N2802", "", "R", 23.622, 20.472, 0, 0, 90],
		[110, "U4_1", 188.07, 585.63, "T", "SMD", "$1N4154", "", "O", 11.024, 63.78, 0, 0, 90],
		[111, "U4_2", 188.07, 605.32, "T", "SMD", "$1N4205", "", "O", 11.024, 63.78, 0, 0, 90],
		[112, "U4_3", 188.07, 625, "T", "SMD", "NET_15", "", "O", 11.024, 63.78, 0, 0, 90],
		[113, "U4_4", 188.07, 644.69, "T", "SMD", "SDA", "", "O", 11.024, 63.78, 0, 0, 90],
		[114, "U4_5", 188.07, 664.37, "T", "SMD", "SCL", "", "O", 11.024, 63.78, 0, 0, 90],
		[115, "U4_6", 21.93, 664.37, "T", "SMD", "3.3V", "", "O", 11.024, 63.78, 0, 0, 90],
		[116, "U4_7", 21.93, 644.69, "T", "SMD", "GND", "GND", "O", 11.024, 63.78, 0, 0, 90],
		[117, "U4_8", 21.93, 625, "T", "SMD", "VBAT", "", "O", 11.024, 63.78, 0, 0, 90],
		[118, "U4_9", 21.93, 605.32, "T", "SMD", "VBAT", "", "O", 11.024, 63.78, 0, 0, 90],
		[119, "U4_10", 21.93, 585.63, "T", "SMD", "VBATIN", "", "O", 11.024, 63.78, 0, 0, 90],
		[120, "PAD1_1", -730, 230, "T", "DIP", "IO16", "", "C", 60, 60, 36, 36, 0],
		[121, "PAD1_1", -730, 230, "B", "DIP", "IO16", "", "C", 60, 60, 36, 36, 0],
		[122, "PAD2_2", -730, 130, "T", "DIP", "IO17", "", "C", 60, 60, 36, 36, 0],
		[123, "PAD2_2", -730, 130, "B", "DIP", "IO17", "", "C", 60, 60, 36, 36, 0],
		[124, "PAD3_3", -730, 30, "T", "DIP", "TP_RST", "", "C", 60, 60, 36, 36, 0],
		[125, "PAD3_3", -730, 30, "B", "DIP", "TP_RST", "", "C", 60, 60, 36, 36, 0],
		[126, "PAD4_4", -730, -70, "T", "DIP", "TP_INT", "", "C", 60, 60, 36, 36, 0],
		[127, "PAD4_4", -730, -70, "B", "DIP", "TP_INT", "", "C", 60, 60, 36, 36, 0],
		[128, "PAD5_5", -730, -170, "T", "DIP", "VBAT", "", "C", 60, 60, 36, 36, 0],
		[129, "PAD5_5", -730, -170, "B", "DIP", "VBAT", "", "C", 60, 60, 36, 36, 0],
		[130, "PAD6_6", -730, -270, "T", "DIP", "VBATIN", "", "C", 60, 60, 36, 36, 0],
		[131, "PAD6_6", -730, -270, "B", "DIP", "VBATIN", "", "C", 60, 60, 36, 36, 0],
		[132, "PAD7_10", -630, -170, "T", "DIP", "SCL", "", "C", 60, 60, 36, 36, 0],
		[133, "PAD7_10", -630, -170, "B", "DIP", "SCL", "", "C", 60, 60, 36, 36, 0],
		[134, "PAD8_9", -630, -70, "T", "DIP", "SDA", "", "C", 60, 60, 36, 36, 0],
		[135, "PAD8_9", -630, -70, "B", "DIP", "SDA", "", "C", 60, 60, 36, 36, 0],
		[136, "PAD9_8", -630, 30, "T", "DIP", "L_RST", "", "C", 60, 60, 36, 36, 0],
		[137, "PAD9_8", -630, 30, "B", "DIP", "L_RST", "", "C", 60, 60, 36, 36, 0],
		[138, "PAD10_7", -630, 130, "T", "DIP", "BLA", "", "C", 60, 60, 36, 36, 0],
		[139, "PAD10_7", -630, 130, "B", "DIP", "BLA", "", "C", 60, 60, 36, 36, 0],
		[140, "PAD11_5", 305, 300, "T", "DIP", "DC", "", "C", 60, 60, 36, 36, 0],
		[141, "PAD11_5", 305, 300, "B", "DIP", "DC", "", "C", 60, 60, 36, 36, 0],
		[142, "PAD12_4", 305, 400, "T", "DIP", "CSO", "", "C", 60, 60, 36, 36, 0],
		[143, "PAD12_4", 305, 400, "B", "DIP", "CSO", "", "C", 60, 60, 36, 36, 0],
		[144, "PAD13_3", 305, 500, "T", "DIP", "SCK", "", "C", 60, 60, 36, 36, 0],
		[145, "PAD13_3", 305, 500, "B", "DIP", "SCK", "", "C", 60, 60, 36, 36, 0],
		[146, "PAD14_2", 305, 600, "T", "DIP", "MOSI", "", "C", 60, 60, 36, 36, 0],
		[147, "PAD14_2", 305, 600, "B", "DIP", "MOSI", "", "C", 60, 60, 36, 36, 0],
		[148, "PAD15_1", 305, 700, "T", "DIP", "MISO", "", "C", 60, 60, 36, 36, 0],
		[149, "PAD15_1", 305, 700, "B", "DIP", "MISO", "", "C", 60, 60, 36, 36, 0],
		[150, "PAD16_6", 405, 600, "T", "DIP", "3.3V", "", "C", 60, 60, 36, 36, 0],
		[151, "PAD16_6", 405, 600, "B", "DIP", "3.3V", "", "C", 60, 60, 36, 36, 0],
		[152, "PAD17_8", 405, 500, "T", "DIP", "GND", "GND", "C", 60, 60, 36, 36, 0],
		[153, "PAD17_8", 405, 500, "B", "DIP", "GND", "GND", "C", 60, 60, 36, 36, 0],
		[154, "PAD18_9", -530, -70, "T", "DIP", "CS2", "", "C", 60, 60, 36, 36, 0],
		[155, "PAD18_9", -530, -70, "B", "DIP", "CS2", "", "C", 60, 60, 36, 36, 0],
		[156, "PAD19_6", -630, -270, "T", "DIP", "SELECT", "", "C", 60, 60, 36, 36, 0],
		[157, "PAD19_6", -630, -270, "B", "DIP", "SELECT", "", "C", 60, 60, 36, 36, 0],
		[158, "PAD20_6", -530, -170, "T", "DIP", "WS", "", "C", 60, 60, 36, 36, 0],
		[159, "PAD20_6", -530, -170, "B", "DIP", "WS", "", "C", 60, 60, 36, 36, 0],
		[160, "PAD21_8", 505, 500, "T", "DIP", "BCLK", "", "C", 60, 60, 36, 36, 0],
		[161, "PAD21_8", 505, 500, "B", "DIP", "BCLK", "", "C", 60, 60, 36, 36, 0],
		[162, "PAD22_1", 635, -252.5, "T", "DIP", "IO39", "", "C", 60, 60, 36, 36, 0],
		[163, "PAD22_1", 635, -252.5, "B", "DIP", "IO39", "", "C", 60, 60, 36, 36, 0],
		[164, "PAD23_2", 730, -275, "T", "DIP", "IO40", "", "C", 60, 60, 36, 36, 0],
		[165, "PAD23_2", 730, -275, "B", "DIP", "IO40", "", "C", 60, 60, 36, 36, 0],
		[166, "PAD24_2", 655, -357.5, "T", "DIP", "IO3", "", "C", 60, 60, 36, 36, 0],
		[167, "PAD24_2", 655, -357.5, "B", "DIP", "IO3", "", "C", 60, 60, 36, 36, 0],
		[168, "PAD25_2", 615, -462.5, "T", "DIP", "IO2", "", "C", 60, 60, 36, 36, 0],
		[169, "PAD25_2", 615, -462.5, "B", "DIP", "IO2", "", "C", 60, 60, 36, 36, 0],
		[170, "PAD26_2", 530, -517.5, "T", "DIP", "M_3.3V", "", "C", 60, 60, 36, 36, 0],
		[171, "PAD26_2", 530, -517.5, "B", "DIP", "M_3.3V", "", "C", 60, 60, 36, 36, 0],
		[172, "PAD27_1", -680, -355, "T", "DIP", "PGND", "", "C", 60, 60, 36, 36, 0],
		[173, "PAD27_1", -680, -355, "B", "DIP", "PGND", "", "C", 60, 60, 36, 36, 0],
		[174, "PAD28_8", 56.2, -23.62, "T", "SMD", "1.8V", "", "R", 19.882, 7.874, 0, 0, 0],
		[175, "PAD29_9", 56.2, -7.87, "T", "SMD", "ADR_1.8V", "", "R", 19.882, 7.874, 0, 0, 0],
		[176, "PAD30_10", 56.2, 7.87, "T", "SMD", "$1N443", "", "R", 19.882, 7.874, 0, 0, 0],
		[177, "PAD31_11", 56.2, 23.62, "T", "SMD", "FSYNC", "", "R", 19.882, 7.874, 0, 0, 0],
		[178, "PAD32_18", -39.37, 56.2, "T", "SMD", "GND", "GND", "P", 7.874, 19.902, 0, 0, 0],
		[179, "PAD33_20", -56.2, 23.62, "T", "SMD", "GND", "GND", "R", 19.882, 7.874, 0, 0, 0],
		[180, "PAD34_21", -56.2, 7.87, "T", "SMD", "AUX_SDA", "", "R", 19.882, 7.874, 0, 0, 0],
		[181, "PAD35_23", -56.2, -23.62, "T", "SMD", "SCL_1.8V", "", "R", 19.882, 7.874, 0, 0, 0],
		[182, "PAD36_25", 0, 0, "T", "SMD", "GND", "GND", "R", 66.929, 66.929, 0, 0, 0],
		[183, "PAD37_24", -56.2, -39.37, "T", "SMD", "SDA_1.8V", "", "P", 19.902, 7.871, 0, 0, 0],
		[184, "PAD38_7", 56.2, -39.37, "T", "SMD", "AUX_SCL", "", "P", 19.901, 7.873, 0, 0, 0],
		[185, "PAD39_12", 56.2, 39.37, "T", "SMD", "INT_1.8V", "", "P", 19.903, 7.871, 0, 0, 0],
		[186, "PAD40_13", 39.37, 56.2, "T", "SMD", "1.8V", "", "P", 7.874, 19.904, 0, 0, 0],
		[187, "PAD41_2", 156.46, -50, "T", "SMD", "GND", "GND", "R", 31.106, 21.26, 0, 0, 0],
		[188, "PAD42_1", 113.54, -50, "T", "SMD", "1.8V", "", "R", 31.106, 21.26, 0, 0, 0],
		[189, "PAD43_2", 105, 8.54, "T", "SMD", "$1N443", "", "R", 31.106, 21.26, 0, 0, 270],
		[190, "PAD44_1", 105, 51.46, "T", "SMD", "GND", "GND", "R", 31.106, 21.26, 0, 0, 270],
		[191, "PAD45_2", 65, 128.54, "T", "SMD", "1.8V", "", "R", 31.106, 21.26, 0, 0, 270],
		[192, "PAD46_1", 65, 171.46, "T", "SMD", "GND", "GND", "R", 31.106, 21.26, 0, 0, 270],
		[193, "PAD47_2", 122.44, 155, "T", "SMD", "1.8V", "", "R", 31.496, 35.433, 0, 0, 180],
		[194, "PAD48_1", 177.56, 155, "T", "SMD", "GND", "GND", "R", 31.496, 35.433, 0, 0, 180],
		[195, "PAD49_1", -133.625, 187.4, "T", "SMD", "1.8V", "", "R", 42.126, 23.622, 0, 0, 180],
		[196, "PAD50_2", -133.625, 112.6, "T", "SMD", "SCL", "", "R", 42.126, 23.622, 0, 0, 180],
		[197, "PAD51_3", -36.375, 150, "T", "SMD", "SCL_1.8V", "", "R", 42.126, 23.622, 0, 0, 180],
		[198, "PAD52_1", -283.625, 197.4, "T", "SMD", "1.8V", "", "R", 42.126, 23.622, 0, 0, 180],
		[199, "PAD53_2", -283.625, 122.6, "T", "SMD", "SDA", "", "R", 42.126, 23.622, 0, 0, 180],
		[200, "PAD54_3", -186.375, 160, "T", "SMD", "SDA_1.8V", "", "R", 42.126, 23.622, 0, 0, 180],
		[201, "PAD55_2", 160, 59.66, "T", "SMD", "1.8V", "", "R", 31.751, 34.016, 0, 0, 90],
		[202, "PAD56_1", 160, 0.34, "T", "SMD", "ADR_1.8V", "", "R", 31.751, 34.016, 0, 0, 90],
		[203, "PAD57_1", -138.17, 59.53, "T", "SMD", "SCL", "", "R", 11.811, 19.882, 0, 0, 90],
		[204, "PAD58_2", -138.17, 39.84, "T", "SMD", "SDA", "", "R", 11.811, 19.882, 0, 0, 90],
		[205, "PAD59_3", -138.17, 20.16, "T", "SMD", "SCL_1.8V", "", "R", 11.811, 19.882, 0, 0, 90],
		[206, "PAD60_4", -138.17, 0.47, "T", "SMD", "SDA_1.8V", "", "R", 11.811, 19.882, 0, 0, 90],
		[207, "PAD61_8", -171.83, 59.53, "T", "SMD", "3.3V", "", "R", 11.811, 19.882, 0, 0, 90],
		[208, "PAD62_7", -171.83, 39.84, "T", "SMD", "3.3V", "", "R", 11.811, 19.882, 0, 0, 90],
		[209, "PAD63_6", -171.83, 20.16, "T", "SMD", "1.8V", "", "R", 11.811, 19.882, 0, 0, 90],
		[210, "PAD64_5", -171.83, 0.47, "T", "SMD", "1.8V", "", "R", 11.811, 19.882, 0, 0, 90],
		[211, "PAD65_1", -362.4, -49.37, "T", "SMD", "GND", "GND", "R", 49.213, 27.559, 0, 0, 270],
		[212, "PAD66_2", -287.6, -49.37, "T", "SMD", "1.8V", "", "R", 49.213, 27.559, 0, 0, 270],
		[213, "PAD67_3", -325, 29.37, "T", "SMD", "3.3V", "", "R", 49.213, 27.559, 0, 0, 270],
		[214, "PAD68_2", -40, 253.54, "T", "SMD", "3.3V", "", "R", 31.106, 21.26, 0, 0, 270],
		[215, "PAD69_1", -40, 296.46, "T", "SMD", "GND", "GND", "R", 31.106, 21.26, 0, 0, 270],
		[216, "PAD70_2", 20, 252.44, "T", "SMD", "3.3V", "", "R", 31.496, 35.433, 0, 0, 270],
		[217, "PAD71_1", 20, 307.56, "T", "SMD", "GND", "GND", "R", 31.496, 35.433, 0, 0, 270],
		[218, "PAD72_2", -35.12, 72.28, "B", "SMD", "CS2", "", "R", 23.622, 51.181, 0, 0, 0],
		[219, "PAD73_3", -78.429, 72.28, "B", "SMD", "MOSI", "", "R", 23.622, 51.181, 0, 0, 0],
		[220, "PAD74_4", -121.738, 72.28, "B", "SMD", "3.3V", "", "R", 23.622, 51.181, 0, 0, 0],
		[221, "PAD75_5", -165.038, 72.28, "B", "SMD", "SCK", "", "R", 23.622, 51.181, 0, 0, 0],
		[222, "PAD76_6", -208.347, 72.28, "B", "SMD", "GND", "GND", "R", 23.622, 51.181, 0, 0, 0],
		[223, "PAD77_7", -251.656, 72.28, "B", "SMD", "MISO", "", "R", 23.622, 51.181, 0, 0, 0],
		[224, "PAD78_9", -338.267, 72.296, "B", "SMD", "CD", "", "R", 23.622, 51.181, 0, 0, 0],
		[225, "PAD79_10", -385.511, 105.76, "B", "SMD", "GND", "GND", "R", 47.244, 55.118, 0, 0, 0],
		[226, "PAD80_13", 192.441, 105.76, "B", "SMD", "GND", "GND", "R", 47.244, 55.118, 0, 0, 0],
		[227, "PAD81_12", 225.51, 487.72, "B", "SMD", "GND", "GND", "R", 47.244, 78.74, 0, 0, 0],
		[228, "PAD82_11", -385.511, 487.72, "B", "SMD", "GND", "GND", "R", 47.244, 78.74, 0, 0, 0],
		[229, "PAD83_2", 346.46, 155, "T", "SMD", "3.3V", "", "R", 31.106, 21.26, 0, 0, 0],
		[230, "PAD84_1", 303.54, 155, "T", "SMD", "GND", "GND", "R", 31.106, 21.26, 0, 0, 0],
		[231, "PAD85_2", 359.66, -5, "T", "SMD", "DATA", "", "R", 31.751, 34.016, 0, 0, 0],
		[232, "PAD86_1", 300.34, -5, "T", "SMD", "$1N2802", "", "R", 31.751, 34.016, 0, 0, 0],
		[233, "PAD87_2", 342.04, 51.0335, "T", "SMD", "$1N2802", "", "R", 22.27, 21.26, 0, 0, 0],
		[234, "PAD88_1", 307.96, 51.0335, "T", "SMD", "GND", "GND", "R", 22.27, 21.26, 0, 0, 0],
		[235, "PAD89_2", 342.04, -60, "T", "SMD", "SELECT", "", "R", 22.27, 21.26, 0, 0, 0],
		[236, "PAD90_1", 307.96, -60, "T", "SMD", "GND", "GND", "R", 22.27, 21.26, 0, 0, 0],
		[237, "PAD91_1", 414.36, 24.565, "T", "SMD", "WS", "", "R", 23.622, 20.472, 0, 0, 90],
		[238, "PAD92_2", 446.72, 24.565, "T", "SMD", "SELECT", "", "R", 23.622, 20.472, 0, 0, 90],
		[239, "PAD93_4", 446.72, 95.435, "T", "SMD", "BCLK", "", "R", 23.622, 20.472, 0, 0, 90],
		[240, "PAD94_5", 414.36, 95.435, "T", "SMD", "3.3V", "", "R", 23.622, 20.472, 0, 0, 90],
		[241, "PAD95_6", 414.36, 59.995, "T", "SMD", "$1N2802", "", "R", 23.622, 20.472, 0, 0, 90],
		[242, "PAD96_3", 477.95, 79.885, "T", "SMD", "GND", "GND", "P", 27.917, 27.923, 0, 0, 0],
		[243, "PAD97_3", 475.87, 42.195, "T", "SMD", "GND", "GND", "P", 27.925, 27.917, 0, 0, 0],
		[244, "PAD98_3", 513.56, 40.115, "T", "SMD", "GND", "GND", "P", 27.917, 27.924, 0, 0, 0],
		[245, "PAD99_3", 515.64, 77.805, "T", "SMD", "GND", "GND", "P", 27.924, 27.916, 0, 0, 0],
		[246, "PAD100_2", -370, 58.54, "T", "SMD", "3.3V", "", "R", 31.106, 21.26, 0, 0, 270],
		[247, "PAD101_1", -370, 101.46, "T", "SMD", "GND", "GND", "R", 31.106, 21.26, 0, 0, 270],
		[248, "PAD102_2", 20, 128.54, "T", "SMD", "1.8V", "", "R", 31.106, 21.26, 0, 0, 270],
		[249, "PAD103_1", 20, 171.46, "T", "SMD", "GND", "GND", "R", 31.106, 21.26, 0, 0, 270],
		[250, "PAD104_2", 346.46, 105.3445, "T", "SMD", "3.3V", "", "R", 31.106, 21.26, 0, 0, 0],
		[251, "PAD105_1", 303.54, 105.3445, "T", "SMD", "GND", "GND", "R", 31.106, 21.26, 0, 0, 0],
		[252, "PAD106_2", 96.46, 725, "T", "SMD", "GND", "GND", "R", 31.106, 21.26, 0, 0, 0],
		[253, "PAD107_1", 53.54, 725, "T", "SMD", "3.3V", "", "R", 31.106, 21.26, 0, 0, 0],
		[254, "PAD108_1", -104.6381, 504.6381, "T", "SMD", "VBATIN", "", "R", 78.74, 129.921, 0, 0, 135],
		[255, "PAD109_2", -275.3619, 675.3619, "T", "SMD", "VBAT", "", "R", 78.74, 129.921, 0, 0, 135],
		[256, "PAD110_1", 188.07, 585.63, "T", "SMD", "$1N4154", "", "O", 11.024, 63.78, 0, 0, 90],
		[257, "PAD111_2", 188.07, 605.32, "T", "SMD", "$1N4205", "", "O", 11.024, 63.78, 0, 0, 90],
		[258, "PAD112_4", 188.07, 644.69, "T", "SMD", "SDA", "", "O", 11.024, 63.78, 0, 0, 90],
		[259, "PAD113_5", 188.07, 664.37, "T", "SMD", "SCL", "", "O", 11.024, 63.78, 0, 0, 90],
		[260, "PAD114_10", 21.93, 585.63, "T", "SMD", "VBATIN", "", "O", 11.024, 63.78, 0, 0, 90],
		[261, "PAD115_9", 21.93, 605.32, "T", "SMD", "VBAT", "", "O", 11.024, 63.78, 0, 0, 90],
		[262, "PAD116_8", 21.93, 625, "T", "SMD", "VBAT", "", "O", 11.024, 63.78, 0, 0, 90],
		[263, "PAD117_7", 21.93, 644.69, "T", "SMD", "GND", "GND", "O", 11.024, 63.78, 0, 0, 90],
		[264, "PAD118_6", 21.93, 664.37, "T", "SMD", "3.3V", "", "O", 11.024, 63.78, 0, 0, 90],
		[265, "PAD119_2", 177.96, 535, "T", "SMD", "GND", "GND", "R", 22.27, 21.26, 0, 0, 180],
		[266, "PAD120_1", 212.04, 535, "T", "SMD", "$1N4154", "", "R", 22.27, 21.26, 0, 0, 180],
		[267, "PAD121_2", 182.96, 480, "T", "SMD", "GND", "GND", "R", 22.27, 21.26, 0, 0, 180],
		[268, "PAD122_1", 217.04, 480, "T", "SMD", "$1N4205", "", "R", 22.27, 21.26, 0, 0, 180],
		[269, "PAD123_2", 580, -142.96, "T", "SMD", "$1N6080", "", "R", 22.27, 21.26, 0, 0, 90],
		[270, "PAD124_1", 580, -177.04, "T", "SMD", "IO40", "", "R", 22.27, 21.26, 0, 0, 90],
		[271, "PAD125_1", 763.36, -202.4, "T", "SMD", "$1N6080", "", "R", 40.846, 20.945, 0, 0, 0],
		[272, "PAD126_2", 763.36, -127.6, "T", "SMD", "M_3.3V", "", "R", 40.846, 20.945, 0, 0, 0],
		[273, "PAD127_3", 676.64, -165, "T", "SMD", "3.3V", "", "R", 40.846, 20.945, 0, 0, 0],
		[274, "PAD128_1", 750, 150, "T", "DIP", "IO39", "", "C", 70.866, 70.866, 47.244, 47.244, 270],
		[275, "PAD128_1", 750, 150, "B", "DIP", "IO39", "", "C", 70.866, 70.866, 47.244, 47.244, 270],
		[276, "PAD129_2", 750, -50, "T", "DIP", "GND", "GND", "C", 70.866, 70.866, 47.244, 47.244, 270],
		[277, "PAD129_2", 750, -50, "B", "DIP", "GND", "GND", "C", 70.866, 70.866, 47.244, 47.244, 270]
	]
}
}